date,mid,usd1mtd156n,mortgage30us,mortgage15us,dcpf3m,cpn3m,dcpf1m,aaa,baa,dff,flexsc,t10y2y,t10y3m,tedrate,t10yff,t5yff,tb6smffm,usd3mtd156n,usd12md156n,eur1wkd156n,mprime,tb3ms,dtb6,dgs10,dgs3mo,dexuseu,dexchus,dexusuk,dexsius,nasdaqcom,willreitind,willlrgcap,willsmlcap,vxdcls,stlfsi,nfci,h8b3094ncba,bc0dcbw027nbog,casdcbw027nbog,cildcbw027nbog,dpsdcbw027nbog,rhedcbw027nbog,clsacbw027nbog,dpsacbw027nbog,relacbw027nbog,rheacbw027nbog,tlaacbw027nbog,tlbacbw027nbog,totci,usepuindxd,wlemuindxd,emvfincrises,stlppm
2000-03-01,20.784,6.05,8.24,7.83,6.03,6.0,5.94,7.68,8.37,5.85,5.93,-0.27,0.39,0.5,0.39,0.63,0.0,6.2,6.83,3.52,8.83,5.69,5.85,6.26,5.86,0.96,8.28,1.58,1.72,4802.99,1396.58,31152.55,29620.62,25.04,0.97,-0.26,1113609.66,4160.26,231.76,831.86,3137.5,106.57,514.06,3521.57,1510.16,107.31,5685.93,5198.06,1024.58,64.99,46.42,0.9,0.19
2000-04-01,21.611842105263158,6.15,8.15,7.8,6.15,6.11,6.03,7.64,8.4,6.02,6.15,-0.41,0.17,0.65,-0.02,0.25,-0.21,6.31,6.89,3.73,9.0,5.66,5.81,5.99,5.82,0.94,8.28,1.58,1.71,3863.64,1494.48,30777.59,24918.02,27.34,1.14,-0.2,1123348.38,4198.24,242.78,842.4,3200.15,110.0,517.57,3584.93,1531.49,110.75,5747.53,5262.45,1033.44,59.76,88.46,1.04,0.65
2000-05-01,22.65113636363636,6.54,8.51,8.18,6.57,6.54,6.41,7.99,8.9,6.27,6.3,-0.37,0.45,0.96,0.17,0.42,-0.17,6.76,7.38,4.05,9.24,5.79,6.1,6.44,5.99,0.91,8.28,1.51,1.73,3528.42,1572.72,29787.35,24411.8,26.72,1.39,-0.22,1150509.52,4247.9,244.43,857.36,3179.58,112.58,521.47,3563.07,1559.57,113.35,5821.97,5336.37,1051.14,77.52,55.96,0.63,0.3
2000-06-01,23.02704545454545,6.65,8.29,7.99,6.59,6.57,6.53,7.67,8.48,6.53,6.62,-0.38,0.24,1.1,-0.45,-0.25,-0.56,6.79,7.25,4.31,9.5,5.69,5.97,6.1,5.86,0.95,8.28,1.51,1.73,3865.48,1608.51,30976.64,25678.55,23.38,1.33,-0.21,1148381.6,4280.54,235.79,861.72,3204.49,113.37,525.78,3581.19,1578.9,114.16,5841.58,5345.38,1062.59,67.24,74.91,0.52,0.46
2000-07-01,23.661749999999998,6.63,8.15,7.86,6.53,6.52,6.5,7.65,8.35,6.54,6.62,-0.28,-0.09,0.77,-0.46,-0.34,-0.54,6.73,7.09,4.36,9.5,5.96,6.0,6.05,6.14,0.94,8.28,1.51,1.74,4017.68,1687.3,31339.92,26368.86,19.09,1.07,-0.25,1165112.3,4297.3,235.74,862.63,3233.0,117.51,525.43,3607.03,1596.8,118.27,5861.82,5360.64,1068.18,53.87,45.33,0.55,0.37
2000-08-01,24.14173913043478,6.62,8.03,7.76,6.49,6.49,6.49,7.55,8.26,6.5,6.55,-0.4,-0.45,0.6,-0.68,-0.44,-0.43,6.69,6.98,4.48,9.5,6.09,6.07,5.83,6.28,0.9,8.28,1.49,1.72,3909.6,1731.18,31608.74,25895.23,15.96,0.88,-0.32,1155556.12,4330.57,230.42,862.14,3246.22,119.75,534.38,3625.07,1614.21,120.5,5891.58,5387.11,1071.4,47.64,37.92,0.53,0.42
2000-09-01,24.522,6.62,7.91,7.6,6.47,6.47,6.49,7.62,8.35,6.52,6.55,-0.28,-0.38,0.68,-0.72,-0.58,-0.54,6.67,6.84,4.64,9.5,6.0,5.98,5.8,6.18,0.87,8.28,1.43,1.74,3875.82,1726.28,31488.48,26436.94,19.12,0.91,-0.31,1159177.8,4365.17,233.77,867.33,3271.35,121.77,543.74,3648.16,1627.7,122.52,5961.71,5450.74,1072.46,67.99,72.01,0.59,0.28
2000-10-01,23.571363636363635,6.62,7.8,7.47,6.52,6.51,6.48,7.55,8.34,6.51,6.6,-0.17,-0.56,0.67,-0.78,-0.74,-0.47,6.78,6.74,4.8,9.5,6.11,6.04,5.74,6.29,0.85,8.28,1.45,1.75,3333.82,1675.52,29643.73,24163.14,22.11,1.07,-0.28,1144836.98,4363.43,235.74,873.88,3289.04,123.21,542.65,3658.83,1626.11,123.94,5982.16,5464.23,1077.23,67.59,112.77,0.95,0.68
2000-11-01,23.455,6.64,7.74,7.42,6.52,6.5,6.49,7.45,8.28,6.51,6.6,-0.16,-0.64,0.58,-0.81,-0.83,-0.45,6.75,6.68,4.86,9.5,6.17,6.06,5.72,6.36,0.86,8.28,1.43,1.75,3055.42,1677.39,29125.94,23831.4,23.59,1.06,-0.28,1139015.08,4392.41,240.1,875.55,3314.68,125.63,548.5,3689.26,1640.41,126.35,6033.65,5513.75,1080.48,138.22,239.23,1.01,0.29
2000-12-01,24.96125,6.69,7.38,7.06,6.33,6.34,6.52,7.21,8.02,6.4,6.5,-0.11,-0.7,0.77,-1.21,-1.28,-0.72,6.55,6.24,4.86,9.5,5.77,5.68,5.24,5.94,0.9,8.28,1.46,1.74,2657.81,1785.26,28069.37,22867.02,23.45,1.24,-0.2,1169220.68,4417.45,256.58,875.47,3368.84,127.99,560.75,3749.75,1646.94,128.71,6119.63,5597.04,1084.41,124.63,165.01,1.2,0.43
2001-01-01,24.559047619047618,5.87,7.03,6.64,5.51,5.49,5.75,7.15,7.93,5.98,5.85,0.4,-0.12,0.55,-0.86,-1.16,-1.03,5.7,5.41,4.81,9.05,5.15,4.95,5.16,5.29,0.94,8.28,1.48,1.74,2656.86,1813.51,28107.71,23822.73,21.81,1.07,-0.21,1202862.26,4438.94,266.12,880.28,3388.87,127.34,567.31,3780.73,1645.65,128.03,6192.21,5665.7,1093.67,123.21,123.36,1.27,0.23
2001-02-01,24.164473684210527,5.52,7.05,6.64,5.19,5.14,5.41,7.1,7.87,5.49,5.48,0.44,0.09,0.46,-0.41,-0.62,-0.78,5.35,5.15,4.83,8.5,4.88,4.71,5.1,5.01,0.92,8.28,1.45,1.74,2449.57,1794.31,27404.02,24045.44,20.37,0.87,-0.31,1193939.88,4446.92,237.32,885.71,3383.34,128.86,562.43,3771.49,1653.46,129.57,6143.28,5609.14,1094.29,122.26,83.63,0.5,0.4
2001-03-01,24.45886363636364,5.13,6.95,6.51,4.81,4.78,5.06,6.98,7.84,5.31,5.22,0.54,0.35,0.54,-0.42,-0.67,-1.03,4.96,4.77,4.82,8.32,4.42,4.28,4.89,4.54,0.91,8.28,1.44,1.77,1986.66,1805.95,24773.68,21992.97,25.62,0.96,-0.28,1187644.8,4431.96,229.49,881.38,3412.18,130.3,556.58,3796.68,1661.76,130.99,6163.06,5623.41,1092.37,124.46,156.95,1.2,0.33
2001-04-01,23.755499999999998,4.8,7.08,6.6,4.47,4.44,4.74,7.2,8.07,4.8,4.9,0.91,1.17,0.75,0.34,-0.04,-0.95,4.61,4.5,4.87,7.8,3.87,3.85,5.14,3.97,0.89,8.28,1.43,1.81,1933.93,1801.62,24841.36,21832.28,26.76,1.16,-0.29,1213949.92,4452.81,236.3,882.62,3477.59,131.64,557.85,3877.28,1671.86,132.3,6224.09,5679.04,1089.29,105.17,189.54,0.53,0.06
2001-05-01,24.44954545454545,4.16,7.14,6.67,3.96,3.93,4.08,7.29,8.07,4.21,4.17,1.13,1.69,0.48,1.16,0.7,-0.59,4.1,4.28,4.67,7.24,3.62,3.62,5.39,3.7,0.88,8.28,1.43,1.81,2181.13,1862.93,26609.45,24438.31,21.46,0.9,-0.4,1186481.76,4487.8,237.66,882.02,3449.43,134.31,562.3,3854.69,1689.54,134.98,6207.18,5659.66,1084.98,96.31,119.95,0.32,0.27
2001-06-01,24.98571428571428,3.91,7.16,6.7,3.69,3.67,3.84,7.18,7.97,3.97,3.88,1.2,1.72,0.35,1.33,0.86,-0.52,3.83,4.05,4.56,6.98,3.49,3.45,5.28,3.57,0.85,8.28,1.4,1.82,2112.05,1955.28,25979.68,24307.51,19.57,0.77,-0.43,1156774.32,4484.2,229.13,869.6,3460.38,135.15,561.17,3866.68,1693.18,135.81,6180.5,5628.4,1073.24,70.57,63.96,0.27,0.38
2001-07-01,25.456904761904763,3.82,7.13,6.68,3.62,3.59,3.73,7.13,7.97,3.77,3.72,1.2,1.64,0.23,1.46,0.98,-0.32,3.75,4.0,4.54,6.75,3.51,3.45,5.24,3.59,0.86,8.28,1.41,1.82,2033.98,1983.43,25277.48,23804.64,20.97,0.73,-0.43,1165424.65,4465.72,244.46,858.64,3482.34,136.88,558.9,3881.43,1699.65,137.53,6169.46,5608.85,1064.26,91.9,118.07,0.67,0.36
2001-08-01,26.084130434782608,3.64,6.95,6.5,3.44,3.42,3.57,7.02,7.85,3.65,3.62,1.21,1.53,0.21,1.31,0.92,-0.36,3.57,3.71,4.51,6.67,3.36,3.29,4.97,3.44,0.9,8.28,1.44,1.76,1929.71,2049.83,24698.8,23402.0,21.91,0.63,-0.43,1161832.36,4483.25,236.58,849.97,3497.35,139.9,561.92,3886.7,1704.6,140.57,6218.74,5640.38,1057.06,80.84,110.73,0.67,0.07
2001-09-01,24.373333333333335,3.15,6.82,6.34,2.84,2.81,2.96,7.17,8.03,3.07,3.25,1.61,2.04,0.35,1.84,1.22,-0.44,3.03,3.11,4.07,6.28,2.64,2.63,4.73,2.69,0.91,8.28,1.46,1.75,1573.31,1940.05,21889.99,20383.19,32.37,1.03,-0.28,1213641.83,4562.24,283.49,855.3,3631.86,143.62,567.06,4023.99,1718.53,144.33,6472.37,5886.06,1059.69,234.57,496.03,1.43,0.08
2001-10-01,23.844782608695652,2.48,6.62,6.1,2.28,2.28,2.42,7.03,7.91,2.49,2.55,1.84,2.37,0.24,2.07,1.41,-0.37,2.4,2.5,3.84,5.53,2.16,2.12,4.57,2.2,0.9,8.28,1.45,1.81,1656.43,1917.59,22565.04,20845.12,31.29,0.94,-0.24,1183060.84,4534.94,263.03,846.67,3566.95,147.4,565.09,3975.93,1720.63,148.1,6389.01,5794.34,1045.56,236.41,328.38,0.51,0.0
2001-11-01,25.014523809523812,2.13,6.66,6.15,2.0,1.97,2.04,6.97,7.81,2.09,2.15,1.87,2.74,0.23,2.54,1.86,-0.21,2.1,2.38,3.49,5.1,1.87,1.88,4.65,1.91,0.89,8.28,1.44,1.83,1870.06,1961.83,23673.85,22370.97,26.39,0.81,-0.31,1171087.77,4574.82,264.61,836.77,3608.89,150.51,572.82,4039.5,1746.66,151.22,6446.12,5846.99,1034.44,154.39,146.76,0.58,0.0
2001-12-01,25.857750000000003,1.95,7.06,6.54,1.81,1.78,1.83,6.77,8.05,1.82,1.85,1.98,3.37,0.24,3.27,2.57,-0.04,1.92,2.42,3.38,4.84,1.69,1.78,5.09,1.72,0.89,8.28,1.44,1.84,1977.71,2033.22,24089.55,23915.53,23.02,0.9,-0.3,1168307.3,4615.8,267.73,827.61,3657.91,153.55,580.08,4108.04,1766.74,154.26,6451.78,5858.93,1023.72,127.57,107.81,0.77,0.01
2002-01-01,25.940952380952382,1.8,7.0,6.48,1.72,1.7,1.72,6.55,7.87,1.73,1.7,2.01,3.35,0.17,3.28,2.59,0.0,1.82,2.36,3.35,4.75,1.65,1.73,5.04,1.68,0.88,8.28,1.43,1.84,1976.77,2051.18,24066.99,24190.82,21.62,0.71,-0.32,1171701.36,4592.51,270.91,818.54,3640.7,155.73,583.51,4110.47,1759.19,156.44,6419.86,5826.92,1012.25,141.64,107.26,0.47,0.01
2002-02-01,25.99421052631579,1.85,6.89,6.38,1.8,1.79,1.77,6.51,7.89,1.74,1.8,1.9,3.15,0.18,3.17,2.55,0.08,1.9,2.45,3.32,4.75,1.72,1.82,4.91,1.76,0.87,8.28,1.42,1.83,1799.72,2067.24,23316.21,23246.07,22.48,0.67,-0.39,1169244.95,4591.13,252.22,823.49,3642.95,159.52,581.5,4116.98,1764.54,160.23,6380.43,5793.34,1016.88,86.75,102.8,0.41,0.0
2002-03-01,27.20625,1.89,7.01,6.52,1.87,1.86,1.8,6.81,8.11,1.73,1.83,1.73,3.46,0.2,3.56,3.01,0.27,1.99,2.85,3.32,4.75,1.79,2.0,5.28,1.82,0.88,8.28,1.42,1.83,1863.05,2190.05,24480.83,24772.69,19.09,0.67,-0.42,1146804.2,4581.99,241.9,818.64,3656.81,163.32,575.12,4134.21,1764.22,164.03,6324.01,5742.26,1012.2,94.43,61.78,0.68,0.01
2002-04-01,28.11477272727273,1.86,6.98,6.48,1.83,1.81,1.76,6.76,8.03,1.75,1.83,1.79,3.47,0.26,3.45,2.89,0.17,1.97,2.79,3.32,4.75,1.71,1.92,5.21,1.74,0.89,8.28,1.44,1.83,1758.8,2257.46,23686.92,25057.59,19.44,0.64,-0.48,1140916.82,4591.81,245.52,810.39,3676.73,169.47,576.95,4177.76,1771.35,170.2,6367.65,5788.73,1003.44,74.52,43.73,0.4,0.04
2002-05-01,28.428863636363634,1.84,6.81,6.28,1.8,1.78,1.76,6.75,8.09,1.75,1.78,1.9,3.4,0.18,3.41,2.74,0.11,1.9,2.65,3.34,4.75,1.73,1.86,5.16,1.76,0.92,8.28,1.46,1.8,1660.31,2236.94,23084.61,24581.26,19.3,0.53,-0.55,1159834.16,4609.64,254.77,803.67,3651.48,176.07,577.38,4160.46,1783.35,176.78,6383.54,5796.82,991.22,89.66,45.15,0.27,0.03
2002-06-01,29.79775,1.84,6.65,6.1,1.78,1.76,1.75,6.63,7.95,1.75,1.8,1.93,3.19,0.18,3.18,2.43,0.04,1.88,2.42,3.36,4.75,1.7,1.79,4.93,1.73,0.96,8.28,1.48,1.78,1505.49,2281.14,21740.53,22745.22,24.44,0.68,-0.48,1156784.88,4637.39,251.59,793.95,3661.83,182.13,575.92,4164.46,1807.9,182.84,6409.67,5812.94,985.14,87.07,89.28,0.53,0.01
2002-07-01,28.38613636363636,1.83,6.48,5.93,1.76,1.75,1.74,6.53,7.9,1.73,1.75,2.1,2.94,0.16,2.92,2.07,-0.04,1.85,2.14,3.34,4.75,1.68,1.69,4.65,1.71,0.99,8.28,1.56,1.75,1346.09,2141.26,19407.53,20186.34,31.7,0.9,-0.36,1145146.82,4652.13,256.7,783.84,3716.8,189.09,572.44,4206.25,1834.33,189.86,6439.23,5842.07,977.03,126.56,249.09,1.9,0.01
2002-08-01,29.302954545454547,1.8,6.29,5.7,1.71,1.7,1.72,6.37,7.58,1.74,1.72,2.12,2.61,0.16,2.5,1.54,-0.14,1.77,1.88,3.32,4.75,1.62,1.6,4.26,1.65,0.98,8.28,1.54,1.76,1327.36,2144.14,19667.0,19822.6,34.01,0.96,-0.3,1203264.52,4712.54,255.7,779.25,3743.17,194.23,585.71,4222.3,1866.47,194.99,6545.75,5942.3,972.48,114.96,237.01,1.12,0.01
2002-09-01,29.089000000000002,1.82,6.09,5.51,1.74,1.72,1.74,6.15,7.4,1.75,1.75,1.87,2.21,0.18,2.12,1.18,-0.15,1.8,1.87,3.32,4.75,1.63,1.6,3.87,1.66,0.98,8.28,1.56,1.77,1251.07,2162.23,18768.54,19320.01,37.52,0.91,-0.26,1232142.9,4774.77,267.45,778.14,3784.52,197.87,596.82,4259.68,1900.89,198.64,6655.34,6044.17,967.64,138.87,252.32,0.81,0.0
2002-10-01,26.933913043478263,1.8,6.11,5.5,1.71,1.7,1.73,6.32,7.73,1.75,1.75,2.03,2.33,0.2,2.18,1.19,-0.19,1.78,1.81,3.31,4.75,1.58,1.56,3.94,1.61,0.98,8.28,1.56,1.78,1241.91,2001.95,18481.55,18371.02,35.99,1.02,-0.25,1258590.62,4857.86,272.3,778.52,3856.56,204.35,604.66,4314.7,1949.76,205.13,6748.1,6131.57,962.78,113.34,211.18,1.07,0.01
2002-11-01,27.057000000000002,1.44,6.07,5.46,1.37,1.36,1.34,6.31,7.62,1.34,1.38,2.13,2.79,0.23,2.71,1.72,-0.07,1.46,1.63,3.32,4.35,1.23,1.27,4.05,1.25,1.0,8.28,1.57,1.77,1409.15,2064.48,19667.19,19921.99,28.92,0.8,-0.32,1294265.5,4946.32,275.97,778.41,3919.49,207.75,606.01,4370.7,1990.02,208.52,6881.02,6256.51,960.5,136.55,165.23,0.57,0.02
2002-12-01,27.676428571428573,1.42,6.05,5.45,1.32,1.31,1.31,6.21,7.45,1.24,1.3,2.2,2.82,0.21,2.79,1.79,0.0,1.41,1.58,3.01,4.25,1.19,1.24,4.03,1.21,1.02,8.28,1.59,1.75,1387.15,2107.97,19490.54,20093.15,28.57,0.66,-0.36,1317347.35,4989.39,278.6,776.08,3941.71,211.78,615.79,4382.17,2014.57,212.54,6980.98,6345.69,959.16,153.67,224.85,0.5,0.01
2003-01-01,26.975,1.36,5.92,5.3,1.27,1.26,1.26,6.17,7.35,1.24,1.25,2.31,2.86,0.2,2.79,1.8,-0.04,1.37,1.48,2.85,4.25,1.17,1.2,4.05,1.19,1.06,8.28,1.62,1.74,1389.56,2083.1,19439.79,19989.47,27.65,0.56,-0.36,1275608.14,5004.91,279.5,771.11,3948.59,215.64,620.31,4383.1,2034.01,216.37,6937.61,6310.68,951.36,184.77,190.64,0.27,0.01
2003-02-01,27.463947368421053,1.34,5.84,5.22,1.25,1.26,1.25,5.95,7.06,1.26,1.25,2.27,2.72,0.18,2.64,1.64,-0.08,1.34,1.41,2.81,4.25,1.17,1.18,3.9,1.19,1.08,8.28,1.61,1.75,1313.26,2066.61,18234.57,18722.95,32.86,0.55,-0.38,1291257.58,5043.13,268.3,768.76,3956.27,221.2,615.15,4405.1,2062.33,221.92,6989.02,6351.48,941.82,192.12,221.34,0.24,0.02
2003-03-01,28.033809523809524,1.3,5.74,5.07,1.21,1.19,1.23,5.89,6.95,1.25,1.23,2.23,2.66,0.16,2.56,1.53,-0.12,1.29,1.33,2.68,4.25,1.13,1.13,3.81,1.15,1.08,8.28,1.58,1.76,1348.5,2120.85,18480.35,18728.81,31.24,0.46,-0.42,1330340.25,5052.91,263.97,767.55,3987.5,225.74,603.96,4435.19,2074.14,226.46,7022.72,6377.61,937.64,212.57,301.34,0.54,0.15
2003-04-01,27.86380952380953,1.31,5.81,5.12,1.23,1.2,1.24,5.74,6.85,1.26,1.25,2.34,2.81,0.17,2.69,1.66,-0.12,1.3,1.36,2.57,4.25,1.13,1.14,3.96,1.15,1.09,8.28,1.57,1.78,1409.83,2234.47,19428.92,19893.92,24.1,0.27,-0.51,1327849.46,5112.6,266.67,770.48,4052.38,231.43,600.14,4485.12,2091.12,232.12,7067.56,6410.34,935.48,135.48,155.75,0.54,0.12
2003-05-01,27.685523809523808,1.32,5.48,4.86,1.2,1.19,1.24,5.22,6.38,1.26,1.25,2.15,2.48,0.22,2.3,1.25,-0.18,1.28,1.25,2.61,4.25,1.07,1.08,3.57,1.09,1.16,8.28,1.62,1.74,1524.18,2342.64,20472.53,21868.78,20.06,0.02,-0.59,1358154.7,5178.32,259.34,763.6,4052.43,236.13,609.76,4481.74,2124.46,236.85,7174.43,6499.55,924.93,116.64,101.16,0.64,0.0
2003-06-01,28.362380952380953,1.16,5.23,4.63,1.02,1.01,1.08,4.97,6.19,1.22,1.15,2.11,2.4,0.21,2.1,1.04,-0.3,1.12,1.09,2.21,4.22,0.92,0.92,3.33,0.94,1.17,8.28,1.66,1.74,1631.75,2403.1,21645.85,23653.91,19.86,-0.03,-0.59,1381999.5,5205.47,261.97,757.46,4099.15,241.91,609.11,4532.09,2139.47,242.6,7253.42,6575.06,915.7,89.3,83.43,0.58,0.0
2003-07-01,27.73136363636364,1.11,5.63,4.97,1.02,1.01,1.02,5.49,6.62,1.01,1.05,2.5,3.06,0.21,2.95,1.85,-0.06,1.11,1.2,2.12,4.0,0.9,0.95,3.98,0.92,1.14,8.28,1.62,1.76,1716.85,2487.88,21809.1,24585.98,18.73,0.03,-0.6,1411178.68,5268.89,272.57,765.44,4145.37,246.9,611.78,4577.53,2174.48,247.62,7284.43,6606.87,922.41,82.49,54.55,0.28,0.0
2003-08-01,27.95857142857143,1.11,6.26,5.59,1.06,1.04,1.04,5.88,7.01,1.03,1.08,2.58,3.48,0.19,3.44,2.36,0.0,1.13,1.41,2.1,4.0,0.95,1.03,4.45,0.97,1.12,8.28,1.59,1.75,1724.82,2529.4,21796.3,24952.81,18.62,0.25,-0.57,1404036.88,5288.43,263.17,757.98,4164.98,251.86,614.1,4597.58,2221.52,252.63,7276.88,6596.77,910.16,89.77,64.53,0.49,0.03
2003-09-01,29.75785714285714,1.12,6.15,5.46,1.06,1.04,1.04,5.72,6.79,1.01,1.05,2.57,3.32,0.21,3.26,2.17,0.0,1.14,1.35,2.1,4.0,0.94,1.01,4.27,0.96,1.13,8.28,1.62,1.75,1856.22,2615.54,22490.9,26589.25,18.22,0.08,-0.56,1357121.5,5304.6,265.75,754.46,4175.91,257.4,617.8,4602.47,2245.72,258.25,7282.81,6601.1,902.23,96.16,57.31,0.43,0.03
2003-10-01,30.818260869565215,1.12,5.95,5.27,1.06,1.05,1.03,5.7,6.73,1.01,1.05,2.54,3.35,0.24,3.27,2.17,-0.01,1.16,1.4,2.08,4.0,0.92,1.0,4.29,0.94,1.17,8.28,1.68,1.73,1907.89,2720.04,22968.01,27317.48,17.08,-0.01,-0.6,1343039.82,5259.93,260.84,749.38,4146.3,263.82,614.65,4567.27,2223.85,264.71,7262.41,6578.3,888.4,65.8,49.77,0.58,0.0
2003-11-01,31.125,1.12,5.93,5.27,1.08,1.06,1.03,5.65,6.66,1.0,1.05,2.37,3.35,0.24,3.3,2.29,0.02,1.17,1.51,2.06,4.0,0.93,1.02,4.3,0.95,1.17,8.28,1.69,1.73,1939.25,2769.24,23285.31,28238.0,16.22,-0.08,-0.63,1340077.73,5316.95,270.75,749.79,4186.53,271.65,646.45,4613.36,2216.49,272.53,7320.9,6624.94,882.21,61.47,38.92,0.29,0.0
2003-12-01,32.52375000000001,1.15,5.88,5.2,1.07,1.05,1.05,5.62,6.6,0.98,1.05,2.36,3.35,0.27,3.28,2.28,0.01,1.17,1.5,2.09,4.0,0.9,0.99,4.27,0.91,1.23,8.28,1.75,1.71,1956.98,2864.17,23955.55,28926.87,14.99,-0.11,-0.64,1360597.74,5352.25,265.45,755.6,4217.61,277.83,668.16,4653.66,2213.47,278.48,7350.8,6649.64,883.09,73.57,90.52,0.21,0.0
2004-01-01,33.93425,1.1,5.71,5.01,1.04,1.01,1.01,5.54,6.44,1.0,1.02,2.39,3.25,0.25,3.15,2.12,-0.03,1.13,1.41,2.06,4.0,0.88,0.97,4.15,0.9,1.26,8.28,1.83,1.7,2098.0,2920.27,25101.52,30757.39,15.12,-0.23,-0.68,1422082.75,5368.78,270.64,752.51,4197.55,287.72,683.25,4658.51,2226.21,288.3,7405.75,6698.88,876.57,93.05,39.72,0.16,0.03
2004-02-01,35.308947368421045,1.1,5.64,4.94,1.03,1.01,1.01,5.5,6.27,1.01,1.05,2.34,3.14,0.2,3.08,2.06,-0.02,1.12,1.4,2.06,4.0,0.93,0.99,4.08,0.94,1.26,8.28,1.87,1.69,2048.36,3047.42,25396.22,30814.97,14.81,-0.34,-0.71,1490891.72,5442.62,259.5,753.96,4215.64,295.29,678.64,4689.65,2244.08,295.89,7513.63,6801.66,874.93,83.25,54.97,0.52,0.08
2004-03-01,36.210434782608694,1.09,5.44,4.74,1.03,1.0,1.01,5.33,6.11,1.0,1.02,2.25,2.87,0.18,2.82,1.78,-0.01,1.11,1.33,2.05,4.0,0.94,0.99,3.83,0.95,1.23,8.28,1.83,1.7,1979.48,3161.76,25045.89,30788.41,16.53,-0.42,-0.72,1459315.26,5515.64,256.04,751.44,4297.07,303.5,669.4,4775.74,2274.17,304.11,7532.16,6811.04,869.74,63.19,40.31,0.15,0.03
2004-04-01,32.790476190476184,1.1,5.83,5.16,1.06,1.05,1.02,5.73,6.46,1.0,1.03,2.28,3.39,0.21,3.34,2.38,0.09,1.15,1.62,2.05,4.0,0.94,1.09,4.35,0.96,1.2,8.28,1.8,1.68,2021.32,2903.65,25275.09,31266.5,14.31,-0.29,-0.71,1484021.62,5579.53,266.45,753.0,4360.09,314.57,670.08,4851.91,2327.11,315.18,7638.54,6885.0,864.73,59.87,47.05,0.05,0.01
2004-05-01,30.616999999999997,1.1,6.27,5.64,1.16,1.07,1.02,6.04,6.75,1.0,1.08,2.18,3.68,0.23,3.71,2.85,0.31,1.25,2.02,2.05,4.0,1.02,1.31,4.72,1.04,1.2,8.28,1.79,1.71,1930.09,2801.6,24612.18,29645.92,16.54,-0.12,-0.68,1465221.25,5633.51,261.09,752.54,4387.37,325.21,672.67,4891.55,2374.13,325.78,7641.18,6887.34,862.44,76.7,75.71,0.31,0.15
2004-06-01,34.16761904761905,1.25,6.29,5.66,1.39,1.34,1.15,6.01,6.78,1.03,1.2,1.97,3.45,0.23,3.7,2.9,0.57,1.5,2.35,2.07,4.01,1.27,1.6,4.73,1.29,1.21,8.28,1.83,1.71,2000.98,3013.06,25309.76,30842.54,14.1,-0.2,-0.67,1505257.46,5661.48,272.8,753.38,4432.96,335.13,676.04,4949.89,2402.2,335.65,7732.4,7010.56,868.53,79.36,52.47,0.26,0.42
2004-07-01,35.035,1.41,6.06,5.46,1.51,1.5,1.32,5.82,6.62,1.26,1.38,1.86,3.14,0.3,3.23,2.42,0.4,1.63,2.33,2.07,4.25,1.33,1.66,4.5,1.36,1.23,8.28,1.84,1.71,1912.42,3111.21,24755.96,30170.74,14.47,-0.24,-0.67,1539496.75,5682.24,265.09,755.83,4437.85,344.63,673.93,4972.19,2414.65,345.14,7814.62,7072.61,877.85,60.95,57.58,0.56,0.34
2004-08-01,35.68386363636363,1.6,5.87,5.26,1.65,1.62,1.49,5.65,6.46,1.43,1.48,1.77,2.78,0.26,2.86,2.05,0.29,1.73,2.29,2.07,4.43,1.48,1.72,4.28,1.5,1.22,8.28,1.82,1.71,1821.54,3196.67,24390.57,29180.74,15.19,-0.27,-0.65,1515047.65,5709.78,249.06,758.02,4459.36,355.24,677.87,4983.27,2436.43,355.73,7836.83,7078.76,882.03,70.38,59.88,0.21,0.28
2004-09-01,36.862380952380946,1.78,5.75,5.14,1.81,1.75,1.69,5.46,6.27,1.6,1.7,1.6,2.44,0.25,2.5,1.73,0.26,1.9,2.37,2.07,4.58,1.65,1.87,4.13,1.68,1.22,8.28,1.79,1.69,1884.73,3317.64,25112.59,30680.14,12.75,-0.41,-0.66,1530240.12,5781.25,263.62,765.53,4522.12,367.82,685.54,5035.39,2470.99,368.31,7957.89,7181.02,886.82,75.09,57.0,0.2,0.08
2004-10-01,36.92642857142857,1.9,5.72,5.12,1.97,1.95,1.8,5.47,6.21,1.76,1.9,1.51,2.3,0.32,2.34,1.59,0.24,2.08,2.47,2.08,4.75,1.76,2.0,4.1,1.79,1.25,8.28,1.81,1.68,1938.25,3443.09,25186.13,31268.4,13.36,-0.4,-0.67,1528622.8,5791.53,257.69,767.01,4531.31,381.01,682.85,5046.21,2502.79,381.5,7958.16,7155.68,888.35,102.47,79.8,0.3,0.09
2004-11-01,38.851190476190474,2.13,5.73,5.14,2.2,2.18,2.02,5.52,6.2,1.93,2.08,1.34,2.09,0.23,2.27,1.6,0.34,2.31,2.8,2.09,4.93,2.07,2.27,4.19,2.11,1.3,8.28,1.86,1.65,2062.87,3604.57,26368.49,33237.91,12.69,-0.52,-0.68,1513502.35,5845.29,257.96,774.53,4599.15,389.99,680.91,5117.85,2536.54,390.49,8035.75,7225.64,896.9,72.19,57.17,0.26,0.24
2004-12-01,40.3809090909091,2.39,5.75,5.18,2.38,2.34,2.26,5.47,6.15,2.16,2.28,1.22,2.01,0.31,2.08,1.44,0.27,2.5,3.02,2.13,5.15,2.19,2.43,4.23,2.22,1.34,8.28,1.93,1.64,2149.53,3797.59,27155.36,34684.11,11.53,-0.53,-0.7,1485487.56,5907.96,263.8,779.39,4647.32,394.97,693.27,5180.49,2554.95,395.46,8081.03,7267.35,904.55,40.13,34.16,0.36,0.57
2005-01-01,38.82025,2.5,5.71,5.17,2.56,2.53,2.37,5.36,6.02,2.28,2.4,1.0,1.85,0.33,1.93,1.41,0.33,2.67,3.22,2.1,5.25,2.33,2.61,4.22,2.37,1.31,8.28,1.88,1.64,2071.87,3622.81,26802.55,33500.14,12.22,-0.52,-0.68,1467377.9,5968.79,264.68,788.91,4637.44,401.63,706.34,5193.82,2576.15,402.13,8090.44,7264.94,919.87,66.99,46.88,0.42,0.44
2005-02-01,38.59315789473685,2.61,5.63,5.15,2.71,2.53,2.52,5.2,5.82,2.5,2.55,0.78,1.59,0.28,1.67,1.27,0.27,2.82,3.38,2.09,5.49,2.54,2.77,4.17,2.58,1.3,8.28,1.89,1.64,2065.74,3650.8,27291.41,34489.57,10.69,-0.61,-0.68,1494907.33,6019.37,247.34,799.34,4656.28,406.29,697.38,5198.7,2592.4,406.8,8158.38,7327.94,930.84,63.73,28.37,0.33,0.37
2005-03-01,38.36840909090908,2.81,5.93,5.46,2.91,2.82,2.71,5.4,6.06,2.63,2.78,0.77,1.7,0.29,1.88,1.54,0.37,3.02,3.68,2.09,5.58,2.74,3.0,4.5,2.8,1.32,8.28,1.9,1.63,2030.43,3629.49,27268.74,34360.88,12.04,-0.49,-0.68,1524128.28,6085.18,257.68,812.57,4713.86,412.04,692.65,5253.62,2633.0,412.56,8253.25,7411.46,943.97,55.76,24.51,0.38,0.39
2005-04-01,37.76947619047618,2.98,5.86,5.41,3.02,2.97,2.87,5.33,6.05,2.78,2.95,0.69,1.5,0.37,1.56,1.22,0.26,3.15,3.73,2.09,5.75,2.78,3.05,4.34,2.84,1.29,8.28,1.9,1.65,1957.49,3643.39,26646.66,33071.3,13.49,-0.39,-0.64,1527153.25,6118.52,249.41,823.87,4748.0,418.0,691.99,5325.09,2665.41,418.53,8297.11,7448.78,958.37,66.46,49.16,0.56,0.86
2005-05-01,39.96523809523809,3.09,5.72,5.28,3.15,3.09,3.0,5.15,6.01,3.0,3.08,0.5,1.24,0.43,1.14,0.85,0.08,3.27,3.75,2.09,5.98,2.84,3.08,4.14,2.9,1.27,8.28,1.86,1.65,2005.22,3872.26,27044.9,33301.26,13.16,-0.35,-0.58,1551699.15,6175.22,248.7,830.59,4721.2,424.73,688.48,5295.24,2685.99,425.28,8340.66,7487.08,966.48,73.07,37.06,0.51,0.65
2005-06-01,42.73227272727273,3.25,5.58,5.17,3.3,3.27,3.15,4.96,5.86,3.04,3.18,0.36,0.96,0.45,0.96,0.73,0.09,3.43,3.81,2.1,6.01,2.97,3.13,4.0,3.04,1.22,8.28,1.82,1.67,2074.02,4068.75,27718.53,35052.18,11.26,-0.44,-0.59,1534909.06,6210.14,270.35,837.93,4798.3,430.52,689.52,5384.36,2724.6,431.08,8434.42,7569.51,974.68,59.69,39.25,0.16,0.26
2005-07-01,44.9075,3.42,5.7,5.28,3.49,3.47,3.31,5.06,5.95,3.26,3.38,0.31,0.89,0.4,0.93,0.74,0.16,3.61,4.05,2.1,6.25,3.22,3.42,4.18,3.29,1.2,8.23,1.75,1.68,2145.14,4294.11,28275.46,36786.59,10.78,-0.48,-0.62,1539704.22,6261.66,262.17,841.09,4821.81,436.42,690.93,5375.86,2779.81,436.99,8430.63,7563.8,988.51,50.88,19.59,0.28,0.24
2005-08-01,43.68108695652174,3.6,5.82,5.4,3.69,3.64,3.5,5.09,5.96,3.5,3.55,0.22,0.74,0.36,0.77,0.63,0.16,3.8,4.27,2.1,6.44,3.44,3.66,4.26,3.52,1.23,8.1,1.79,1.66,2157.85,4227.96,28373.31,36737.94,12.25,-0.48,-0.62,1572727.48,6329.83,255.43,845.79,4860.84,440.72,701.37,5449.67,2827.6,441.35,8548.58,7675.24,995.84,56.09,39.74,0.4,0.56
2005-09-01,44.675238095238086,3.78,5.77,5.36,3.79,3.72,3.69,5.13,6.03,3.62,3.7,0.25,0.7,0.49,0.56,0.36,0.05,3.91,4.21,2.11,6.59,3.42,3.67,4.2,3.49,1.22,8.09,1.81,1.68,2144.61,4268.47,28482.3,36998.04,12.13,-0.4,-0.6,1578178.38,6365.51,267.76,852.41,4899.62,443.05,711.51,5492.44,2851.99,443.67,8642.18,7765.25,1000.13,85.25,44.62,0.29,0.8
2005-10-01,43.15857142857143,3.99,6.06,5.63,4.05,4.01,3.88,5.35,6.3,3.78,3.92,0.19,0.67,0.46,0.7,0.57,0.21,4.17,4.57,2.1,6.75,3.71,3.99,4.46,3.79,1.2,8.09,1.77,1.69,2087.09,4091.81,27738.6,35562.08,14.31,-0.28,-0.6,1571422.9,6376.48,263.81,866.9,4920.46,442.55,699.97,5511.36,2877.48,443.19,8654.99,7782.48,1013.79,63.0,36.4,0.59,0.97
2005-11-01,44.47809761904762,4.15,6.33,5.86,4.23,4.23,4.04,5.42,6.39,4.0,4.12,0.12,0.56,0.47,0.54,0.45,0.15,4.35,4.78,2.13,7.0,3.88,4.15,4.53,3.97,1.18,8.08,1.73,1.7,2202.84,4264.05,28885.51,37129.38,11.32,-0.29,-0.61,1594179.2,6409.05,264.46,874.84,4976.23,443.33,703.83,5556.63,2903.57,444.0,8727.55,7848.45,1021.88,48.77,19.58,0.31,0.81
2005-12-01,48.923095238095236,4.36,6.27,5.82,4.37,4.23,4.25,5.37,6.32,4.16,4.28,0.06,0.5,0.61,0.31,0.23,0.02,4.49,4.84,2.37,7.15,3.89,4.18,4.47,3.97,1.19,8.08,1.75,1.67,2246.09,4412.37,29526.02,38213.5,10.45,-0.27,-0.61,1641785.4,6460.64,277.43,883.33,5027.66,444.05,707.51,5615.78,2929.1,444.75,8809.87,7925.4,1035.31,60.03,33.3,0.17,0.63
2006-01-01,50.33251250000001,4.49,6.14,5.71,4.48,4.23,4.37,5.29,6.24,4.29,4.38,0.02,0.08,0.37,0.12,0.05,0.02,4.61,4.84,2.36,7.26,4.24,4.31,4.42,4.34,1.21,8.07,1.77,1.63,2289.99,4623.65,30007.33,39698.58,11.25,-0.43,-0.62,1662520.48,6491.81,282.33,891.28,5044.49,443.17,713.41,5647.9,2942.14,443.86,8839.94,7949.15,1047.01,63.64,31.37,0.4,0.57
2006-02-01,51.92105263157895,4.58,6.25,5.86,4.63,4.55,4.5,5.35,6.27,4.49,4.55,-0.1,0.03,0.32,0.08,0.08,0.03,4.76,5.08,2.37,7.5,4.43,4.52,4.57,4.54,1.19,8.05,1.75,1.63,2273.67,4751.04,29963.87,40515.36,11.72,-0.45,-0.63,1697046.75,6544.9,264.13,897.89,5048.32,445.22,705.22,5647.2,2963.28,445.93,8903.92,8003.91,1056.7,59.09,26.64,0.4,0.91
2006-03-01,54.19369782608696,4.76,6.32,5.97,4.79,4.76,4.66,5.53,6.41,4.59,4.7,-0.01,0.1,0.41,0.13,0.12,0.03,4.92,5.19,2.6,7.53,4.51,4.62,4.72,4.63,1.2,8.04,1.74,1.62,2300.26,4998.81,30396.1,41435.42,11.1,-0.41,-0.66,1700570.34,6590.03,259.8,906.56,5087.58,445.17,707.24,5715.12,2980.63,445.92,8962.89,8046.65,1067.11,51.51,25.48,0.28,0.74
2006-04-01,51.021315789473675,4.92,6.51,6.15,4.94,4.87,4.81,5.84,6.68,4.79,4.9,0.1,0.27,0.47,0.22,0.13,-0.07,5.07,5.33,2.63,7.75,4.6,4.72,4.99,4.72,1.23,8.01,1.77,1.6,2338.68,4879.25,30673.77,42511.15,11.06,-0.3,-0.68,1690747.45,6665.23,259.22,918.72,5151.18,444.39,710.37,5809.55,3013.44,445.18,9086.08,8158.74,1082.67,69.78,22.72,0.19,0.62
2006-05-01,49.46249772727272,5.08,6.6,6.2,5.05,5.01,4.99,5.95,6.75,4.94,5.0,0.14,0.27,0.47,0.18,0.07,-0.12,5.19,5.4,2.62,7.93,4.72,4.82,5.11,4.84,1.28,8.01,1.87,1.58,2245.28,4797.33,30422.85,41737.76,13.37,-0.26,-0.66,1731329.48,6747.17,254.11,936.47,5141.18,446.67,719.27,5801.99,3051.82,447.64,9215.47,8281.07,1102.78,67.52,32.39,0.32,0.83
2006-06-01,49.374545454545455,5.25,6.68,6.31,5.25,5.29,5.16,5.89,6.78,4.99,5.12,-0.02,0.19,0.59,0.11,0.07,-0.02,5.38,5.6,2.79,8.02,4.79,4.97,5.11,4.92,1.27,8.0,1.84,1.59,2137.41,4877.0,29575.84,39565.85,15.86,-0.12,-0.62,1741074.8,6782.12,250.6,936.55,5159.87,449.14,713.01,5822.62,3090.13,449.99,9230.99,8292.65,1118.18,67.89,31.8,0.74,0.91
2006-07-01,51.52825,5.37,6.76,6.39,5.37,5.29,5.28,5.85,6.76,5.24,5.3,-0.03,0.01,0.55,-0.16,-0.21,-0.18,5.5,5.66,2.84,8.25,4.95,5.06,5.09,5.08,1.27,7.99,1.84,1.58,2086.21,5123.56,29766.26,39424.11,14.36,-0.14,-0.62,1717774.68,6806.17,256.04,939.29,5176.22,451.06,703.99,5830.76,3121.73,451.86,9248.12,8301.59,1127.85,74.71,48.65,0.52,0.74
2006-08-01,53.71478260869566,5.35,6.52,6.2,5.29,5.21,5.26,5.68,6.59,5.25,5.32,-0.03,-0.21,0.46,-0.37,-0.42,-0.28,5.42,5.5,3.05,8.25,4.96,4.97,4.88,5.09,1.28,7.97,1.89,1.58,2117.77,5244.26,30414.41,39525.57,12.88,-0.29,-0.64,1704186.02,6849.34,237.94,950.82,5174.77,448.34,713.52,5852.77,3134.48,449.14,9303.14,8348.76,1151.14,71.15,43.36,0.17,0.73
2006-09-01,56.18374999999999,5.33,6.4,6.08,5.25,5.21,5.24,5.51,6.43,5.25,5.3,-0.05,-0.21,0.58,-0.53,-0.58,-0.36,5.38,5.38,3.07,8.25,4.81,4.88,4.72,4.93,1.27,7.93,1.88,1.58,2221.94,5454.22,31176.66,40604.84,11.73,-0.31,-0.64,1749839.48,6864.41,245.83,952.37,5189.11,448.91,718.98,5899.01,3149.07,449.71,9370.96,8401.07,1150.77,39.14,19.32,0.2,0.73
2006-10-01,56.625181818181815,5.32,6.36,6.05,5.24,5.19,5.23,5.51,6.42,5.25,5.3,-0.07,-0.32,0.46,-0.52,-0.56,-0.33,5.37,5.36,3.32,8.25,4.92,4.92,4.73,5.05,1.26,7.9,1.88,1.58,2330.17,5696.1,32298.44,42210.14,10.99,-0.38,-0.66,1822884.32,7004.33,254.12,959.5,5285.58,465.49,721.32,6006.35,3312.43,466.61,9574.67,8560.11,1158.28,42.94,41.08,0.05,0.01
2006-11-01,59.22191428571429,5.32,6.24,5.96,5.24,5.17,5.23,5.33,6.2,5.25,5.3,-0.15,-0.48,0.43,-0.66,-0.67,-0.3,5.37,5.3,3.35,8.25,4.94,4.95,4.6,5.07,1.29,7.86,1.91,1.56,2408.7,5811.01,33003.21,43536.11,10.54,-0.46,-0.68,1853117.82,7077.42,259.49,967.5,5326.84,466.37,726.09,6061.58,3341.09,467.34,9669.26,8651.03,1170.21,50.22,23.45,0.39,0.01
2006-12-01,60.4905,5.35,6.14,5.88,5.24,5.19,5.25,5.32,6.22,5.24,5.3,-0.11,-0.41,0.51,-0.67,-0.7,-0.36,5.36,5.24,3.57,8.25,4.85,4.88,4.56,4.97,1.32,7.82,1.96,1.54,2431.91,5992.66,33759.69,44461.81,10.59,-0.43,-0.66,1871686.28,7134.52,267.64,975.26,5380.9,468.53,740.2,6126.43,3374.22,469.55,9792.08,8764.92,1181.88,38.21,19.83,0.61,0.03
2007-01-01,59.10749999999999,5.32,6.22,5.97,5.24,5.17,5.25,5.4,6.34,5.25,5.28,-0.12,-0.35,0.38,-0.5,-0.51,-0.3,5.36,5.37,3.59,8.25,4.98,4.95,4.76,5.11,1.3,7.79,1.96,1.54,2453.19,6193.4,34023.1,44503.85,10.57,-0.49,-0.69,1892597.72,7158.62,274.33,981.74,5392.57,470.23,750.35,6153.25,3390.84,471.37,9845.67,8809.49,1191.85,56.95,16.6,0.18,0.07
2007-02-01,62.73447631578948,5.32,6.28,6.02,5.23,5.18,5.24,5.39,6.28,5.26,5.3,-0.13,-0.44,0.33,-0.54,-0.56,-0.3,5.36,5.38,3.59,8.25,5.03,4.96,4.72,5.16,1.31,7.75,1.96,1.53,2479.86,6601.52,34636.58,46329.4,10.5,-0.56,-0.71,1903114.78,7196.83,262.51,992.7,5391.93,469.73,743.5,6167.22,3416.76,470.99,9892.71,8852.03,1205.11,58.38,22.41,0.51,0.08
2007-03-01,58.12568181818182,5.32,6.16,5.88,5.22,5.2,5.24,5.3,6.27,5.26,5.28,-0.01,-0.52,0.41,-0.7,-0.78,-0.37,5.35,5.2,3.79,8.25,4.94,4.89,4.56,5.08,1.32,7.74,1.95,1.52,2401.49,6187.07,33809.27,45226.57,14.03,-0.45,-0.67,1905824.55,7140.65,248.72,1001.13,5399.72,458.08,730.31,6202.46,3351.92,459.49,9845.79,8802.11,1214.99,54.72,41.01,0.69,0.34
2007-04-01,60.7735,5.32,6.18,5.88,5.23,5.2,5.24,5.47,6.39,5.25,5.28,0.03,-0.31,0.49,-0.55,-0.65,-0.39,5.35,5.28,3.85,8.25,4.87,4.86,4.69,5.01,1.35,7.72,1.99,1.51,2499.57,6270.91,35203.76,47179.78,11.78,-0.45,-0.65,1923314.02,7177.25,251.71,1009.21,5451.3,454.81,734.25,6306.12,3373.85,456.18,9928.8,8884.8,1224.65,44.37,24.25,0.09,0.36
2007-05-01,58.48,5.32,6.26,5.97,5.23,5.19,5.24,5.47,6.39,5.25,5.28,-0.02,-0.12,0.63,-0.5,-0.58,-0.47,5.36,5.33,3.85,8.25,4.73,4.78,4.75,4.87,1.35,7.68,1.98,1.52,2562.14,6048.29,36353.31,48212.02,12.62,-0.41,-0.66,1915575.68,7227.09,251.85,1026.53,5404.33,457.92,738.99,6303.5,3405.4,459.7,9979.9,8927.95,1242.73,55.79,32.09,0.5,0.11
2007-06-01,55.63404761904762,5.32,6.66,6.34,5.25,5.23,5.25,5.79,6.7,5.25,5.3,0.12,0.36,0.75,-0.15,-0.23,-0.49,5.36,5.45,4.04,8.25,4.61,4.76,5.1,4.74,1.34,7.63,1.99,1.54,2595.4,5827.35,36519.44,48781.14,14.12,-0.17,-0.63,1954153.22,7264.34,248.47,1033.73,5401.72,459.99,747.42,6287.62,3426.16,461.61,10030.22,8977.84,1262.14,50.8,22.22,0.47,0.06
2007-07-01,55.18944761904763,5.32,6.7,6.36,5.25,5.22,5.25,5.73,6.65,5.26,5.3,0.19,0.04,0.54,-0.26,-0.38,-0.43,5.36,5.38,4.08,8.25,4.82,4.83,5.0,4.96,1.37,7.58,2.04,1.52,2655.08,5592.19,36738.86,48702.09,16.03,-0.14,-0.48,1992474.88,7302.59,247.08,1041.38,5426.04,461.64,755.41,6284.44,3446.26,463.49,10094.2,9035.18,1281.07,38.93,37.38,0.36,0.05
2007-08-01,52.42152173913043,5.5,6.57,6.23,5.3,5.25,5.27,5.79,6.65,5.02,5.27,0.36,0.36,1.29,-0.36,-0.6,-0.64,5.48,5.19,4.14,8.25,4.2,4.38,4.67,4.32,1.36,7.57,2.01,1.52,2539.5,5316.46,35171.72,45606.55,22.81,0.62,-0.16,2030548.6,7387.51,240.46,1062.1,5465.96,465.57,759.94,6350.84,3469.75,467.45,10254.01,9169.4,1301.99,81.75,98.02,2.6,0.01
2007-09-01,56.49052631578948,5.49,6.38,6.05,5.19,4.92,5.04,5.74,6.59,4.94,5.25,0.51,0.53,1.59,-0.44,-0.77,-0.89,5.49,5.06,4.23,8.03,3.89,4.05,4.52,3.99,1.39,7.52,2.02,1.51,2634.47,5530.78,36291.69,46760.35,19.93,0.86,-0.06,2081314.52,7512.65,254.14,1103.76,5498.92,470.21,774.64,6422.12,3506.38,472.03,10485.06,9373.17,1346.83,79.89,50.7,1.25,0.0
2007-10-01,63.91413260869565,4.98,6.38,6.04,4.91,4.63,4.76,5.66,6.48,4.76,4.95,0.56,0.52,1.24,-0.22,-0.55,-0.75,5.15,4.88,4.1,7.74,3.9,4.01,4.53,4.0,1.42,7.5,2.04,1.46,2780.42,5790.83,37444.56,48453.13,17.69,0.48,-0.16,2057409.08,7559.96,243.7,1127.11,5568.24,475.53,770.41,6553.42,3556.09,477.4,10601.28,9483.21,1373.47,72.21,31.73,0.63,0.06
2007-11-01,60.50500000000001,4.77,6.21,5.85,4.75,4.42,4.51,5.44,6.4,4.49,4.72,0.81,0.79,1.69,-0.35,-0.83,-1.03,4.96,4.52,4.12,7.5,3.27,3.46,4.15,3.35,1.47,7.42,2.07,1.45,2662.8,5211.42,35718.71,45377.7,23.31,0.85,0.02,2086269.8,7633.71,261.37,1136.31,5652.37,480.35,782.0,6675.38,3593.17,482.2,10816.36,9685.7,1392.37,64.19,43.86,0.48,0.24
2007-12-01,58.710499999999996,5.02,6.1,5.75,4.76,4.23,4.51,5.49,6.65,4.24,4.78,0.98,1.03,2.0,-0.12,-0.73,-1.01,4.98,4.42,4.15,7.33,3.0,3.23,4.1,3.07,1.46,7.37,2.02,1.45,2661.55,5058.28,36204.25,45381.24,19.67,1.28,0.24,2135015.72,7658.62,260.11,1148.21,5689.4,484.03,799.27,6709.54,3601.77,485.72,10868.42,9739.02,1414.4,92.0,73.5,0.67,0.44
2008-01-01,51.78833333333333,3.91,5.76,5.29,3.7,3.25,3.71,5.33,6.54,3.94,4.07,1.27,0.92,1.17,-0.19,-0.95,-1.19,3.92,3.44,4.13,6.98,2.75,2.75,3.74,2.82,1.47,7.24,1.97,1.43,2418.09,4656.82,33774.64,41619.16,23.61,0.86,0.25,2135398.68,7673.98,276.15,1161.07,5674.19,487.76,812.06,6724.32,3613.11,489.3,10962.7,9812.25,1440.06,182.06,118.1,1.49,0.43
2008-02-01,50.346000000000004,3.14,5.92,5.44,3.03,2.72,3.0,5.53,6.82,2.98,3.02,1.76,1.56,0.96,0.77,-0.18,-0.94,3.09,2.8,4.12,6.0,2.12,2.04,3.74,2.17,1.48,7.16,1.96,1.41,2325.83,4800.52,33325.01,42149.66,23.03,0.84,0.39,2153004.5,7688.82,260.36,1167.58,5681.93,491.53,803.94,6757.65,3626.66,492.71,10995.09,9837.0,1448.19,118.07,66.12,0.82,0.42
2008-03-01,51.2758725,2.81,5.97,5.42,2.7,2.35,2.61,5.51,6.89,2.61,2.75,1.89,2.23,1.52,0.88,-0.15,-1.13,2.78,2.51,4.19,5.66,1.26,1.48,3.51,1.28,1.55,7.07,2.0,1.38,2254.82,4870.84,32407.28,40406.22,25.11,1.35,0.65,2185844.6,7728.75,252.93,1179.03,5756.32,494.19,797.83,6835.85,3638.64,495.11,11113.19,9959.35,1467.71,121.87,61.74,2.18,0.44
2008-04-01,56.323613636363646,2.79,5.92,5.47,2.72,1.99,2.56,5.55,6.97,2.28,2.55,1.63,2.36,1.5,1.41,0.57,-0.73,2.79,2.83,4.23,5.24,1.29,1.55,3.68,1.31,1.58,7.0,1.98,1.36,2368.1,5316.85,33817.72,42139.41,19.85,1.24,0.55,2202586.2,7780.73,260.45,1195.79,5797.15,499.4,800.38,6883.34,3650.25,500.1,11047.16,9884.61,1489.13,100.47,37.09,1.36,0.28
2008-05-01,58.345238095238095,2.51,6.04,5.6,2.61,2.0,2.28,5.57,6.93,1.98,2.38,1.43,2.12,0.95,1.89,1.16,-0.16,2.69,3.03,4.22,5.0,1.73,1.82,3.88,1.76,1.56,6.97,1.96,1.37,2483.24,5395.91,34759.84,43838.07,16.92,0.82,0.31,2231473.3,7805.77,261.07,1199.38,5715.0,506.34,806.42,6840.05,3648.36,507.03,10994.54,9825.63,1491.4,84.73,26.0,0.9,0.46
2008-06-01,54.700438095238084,2.47,6.32,5.91,2.7,2.21,2.34,5.68,7.07,2.0,2.35,1.33,2.21,0.91,2.1,1.48,0.13,2.77,3.42,4.2,5.0,1.86,2.13,4.1,1.89,1.56,6.9,1.97,1.37,2427.45,5074.49,33481.33,43180.72,20.7,0.98,0.39,2218477.15,7804.11,252.31,1197.94,5725.26,511.49,809.41,6857.2,3640.27,512.18,10960.21,9793.76,1495.96,98.48,33.59,0.8,0.34
2008-07-01,49.45909090909092,2.46,6.43,5.97,2.72,2.18,2.34,5.67,7.16,2.01,2.4,1.43,2.35,1.17,1.99,1.28,-0.08,2.79,3.28,4.34,5.0,1.63,1.93,4.01,1.66,1.58,6.84,1.99,1.36,2278.14,4742.4,31389.95,40234.28,22.83,1.24,0.49,2238282.88,7783.8,251.3,1202.81,5740.24,519.52,815.22,6823.26,3628.28,520.22,10944.01,9778.32,1510.98,101.75,57.1,2.2,0.65
2008-08-01,47.041142857142844,2.47,6.48,6.02,2.76,2.08,2.39,5.64,7.15,2.0,2.4,1.47,2.13,1.08,1.9,1.16,-0.08,2.81,3.24,4.39,5.0,1.72,1.92,3.89,1.75,1.5,6.85,1.89,1.41,2389.27,4968.13,31982.17,42200.63,19.91,1.16,0.47,2243837.88,7783.25,242.29,1204.07,5728.7,524.32,825.36,6827.17,3631.91,525.04,10943.07,9776.54,1513.95,91.44,35.79,1.01,0.63
2008-09-01,46.07599999999999,2.93,6.04,5.64,2.91,2.13,2.69,5.65,7.31,1.81,2.62,1.61,2.54,2.0,1.82,1.02,-0.2,3.12,3.37,4.53,5.0,1.13,1.61,3.69,1.15,1.43,6.83,1.8,1.43,2205.2,4981.94,30404.88,40557.56,28.85,1.94,1.0,2265023.2,7853.18,292.87,1214.67,5884.45,529.54,834.07,6986.11,3631.89,530.27,11166.14,9991.45,1522.2,183.97,180.24,15.69,0.47
2008-10-01,27.762282608695656,3.81,6.2,5.89,3.19,2.07,2.77,6.28,8.88,0.97,2.9,2.2,3.13,3.35,2.8,1.71,0.23,4.06,3.79,4.26,4.56,0.67,1.2,3.81,0.69,1.33,6.84,1.69,1.48,1730.32,3564.15,24139.56,30338.43,55.53,4.64,1.86,2562864.24,8273.04,451.44,1259.8,6221.05,577.5,856.42,7160.41,3827.31,578.22,11922.6,10742.64,1582.34,243.47,242.36,24.6,0.52
2008-11-01,17.175,1.62,6.09,5.79,1.54,1.45,1.29,6.12,9.21,0.39,1.6,2.31,3.33,2.1,3.14,1.9,0.34,2.28,2.82,3.34,4.0,0.19,0.73,3.53,0.19,1.27,6.83,1.53,1.51,1542.7,2648.56,21999.29,26377.78,57.9,4.1,2.28,2586270.2,8237.62,585.59,1254.3,6248.46,582.51,865.72,7103.45,3832.61,583.15,12162.33,10993.37,1576.26,220.65,194.64,9.02,0.13
2008-12-01,19.852954545454544,1.08,5.29,5.04,1.09,0.97,0.6,5.05,8.43,0.16,1.23,1.6,2.38,1.8,2.25,1.35,0.1,1.83,2.38,2.56,3.61,0.03,0.26,2.42,0.03,1.35,6.85,1.49,1.48,1525.89,2709.46,21934.54,26297.32,47.64,3.89,2.26,2470356.36,8167.01,695.55,1239.27,6402.64,588.66,878.83,7261.74,3826.85,589.24,12402.24,11217.49,1560.35,165.28,138.57,6.06,0.0
2009-01-01,20.217124999999996,0.38,5.05,4.72,1.1,0.31,0.34,5.05,8.14,0.15,0.63,1.71,2.39,1.08,2.36,1.44,0.15,1.21,1.9,1.87,3.25,0.13,0.3,2.52,0.13,1.32,6.84,1.45,1.49,1537.2,2639.24,21787.55,26792.47,40.0,2.9,1.86,2401044.88,8156.45,700.11,1216.59,6401.98,593.78,901.06,7281.79,3801.33,594.34,12288.8,11122.48,1544.91,215.22,114.26,5.54,0.0
2009-02-01,14.559210526315791,0.46,5.13,4.77,0.67,0.48,0.45,5.27,8.08,0.22,0.7,1.89,2.57,0.95,2.65,1.65,0.23,1.24,2.06,1.35,3.25,0.3,0.45,2.87,0.3,1.28,6.84,1.44,1.52,1485.98,2212.74,20379.66,24789.27,40.34,2.76,1.72,2401339.4,8187.73,600.8,1211.51,6396.44,595.26,900.95,7242.62,3824.06,595.86,12044.45,10847.74,1535.45,238.86,99.69,5.39,0.01
2009-03-01,12.567045454545454,0.53,5.0,4.64,0.62,0.37,0.4,5.5,8.42,0.18,0.65,1.89,2.6,1.05,2.64,1.63,0.24,1.27,2.12,1.04,3.25,0.21,0.42,2.82,0.22,1.31,6.84,1.42,1.53,1432.23,1934.75,19265.87,22906.0,40.11,2.91,1.7,2435970.83,8162.7,655.68,1195.18,6485.75,596.83,880.2,7300.58,3823.15,597.43,12036.76,10833.36,1514.05,189.93,113.44,6.05,0.0
2009-04-01,17.324761904761907,0.45,4.81,4.5,0.48,0.28,0.35,5.39,8.39,0.15,0.52,2.0,2.77,0.95,2.77,1.7,0.2,1.11,1.94,0.88,3.25,0.16,0.35,2.93,0.16,1.32,6.83,1.47,1.5,1641.15,2380.7,21578.86,27550.1,34.45,2.34,1.37,2399904.44,8137.18,726.16,1180.38,6497.6,600.39,862.97,7358.72,3827.09,601.0,12024.18,10803.27,1493.76,139.22,61.45,4.31,0.0
2009-05-01,17.954250000000002,0.34,4.86,4.51,0.37,0.23,0.29,5.54,8.06,0.18,0.42,2.36,3.12,0.64,3.12,1.96,0.12,0.82,1.68,0.77,3.25,0.18,0.3,3.29,0.18,1.36,6.82,1.54,1.46,1726.08,2601.88,22956.24,30157.99,28.38,1.74,0.99,2397545.85,8202.59,745.22,1168.84,6510.59,610.24,859.39,7438.03,3876.31,610.86,12067.41,10834.13,1472.42,122.91,32.78,4.26,0.0
2009-06-01,18.730909090909094,0.32,5.42,4.9,0.36,0.26,0.27,5.61,7.5,0.21,0.3,2.54,3.54,0.44,3.51,2.5,0.1,0.62,1.68,0.79,3.25,0.18,0.31,3.72,0.18,1.4,6.83,1.64,1.45,1826.99,2654.39,23606.03,31352.22,26.12,1.41,0.81,2350358.45,8221.54,709.78,1145.13,6574.28,608.4,855.17,7511.45,3864.23,609.01,11944.88,10717.53,1442.7,107.17,34.63,4.15,0.01
2009-07-01,18.027727272727272,0.29,5.22,4.69,0.33,0.28,0.23,5.41,7.09,0.16,0.27,2.54,3.38,0.33,3.41,2.31,0.11,0.52,1.5,0.36,3.25,0.18,0.27,3.56,0.18,1.41,6.83,1.64,1.45,1873.84,2621.99,23902.09,31747.33,23.27,1.02,0.59,2231409.82,8159.76,697.34,1104.94,6533.99,607.2,844.2,7455.1,3837.6,607.41,11746.8,10481.64,1399.74,121.46,37.53,4.05,0.01
2009-08-01,22.216785714285713,0.27,5.19,4.61,0.29,0.24,0.21,5.26,6.58,0.16,0.25,2.47,3.42,0.25,3.43,2.41,0.1,0.42,1.42,0.32,3.25,0.17,0.26,3.59,0.17,1.43,6.83,1.65,1.44,1997.16,3198.01,25804.41,35504.02,22.67,0.64,0.37,2127584.1,8139.39,687.21,1079.67,6543.92,605.47,846.5,7485.84,3820.72,605.68,11663.63,10396.79,1366.99,94.86,39.0,3.4,0.0
2009-09-01,22.938095238095237,0.25,5.06,4.49,0.23,0.19,0.18,5.13,6.31,0.15,0.2,2.45,3.28,0.17,3.26,2.22,0.06,0.3,1.27,0.31,3.25,0.12,0.21,3.4,0.12,1.46,6.83,1.63,1.42,2084.75,3445.13,26718.28,37491.04,22.2,0.33,0.27,2040506.22,8105.18,748.83,1065.45,6585.41,603.7,848.36,7534.72,3770.05,603.89,11715.29,10432.39,1339.64,91.2,38.34,4.51,0.0
2009-10-01,22.46567954545454,0.24,4.95,4.39,0.22,0.19,0.17,5.15,6.29,0.12,0.2,2.44,3.31,0.21,3.27,2.22,0.04,0.28,1.23,0.32,3.25,0.07,0.16,3.39,0.07,1.48,6.83,1.62,1.4,2122.85,3456.26,27338.59,38007.18,21.28,0.11,0.19,1971958.58,8028.05,831.49,1044.8,6598.51,602.64,839.6,7592.22,3736.52,602.83,11758.39,10459.18,1308.86,81.96,28.3,3.73,0.0
2009-11-01,23.553025,0.24,4.88,4.34,0.19,0.15,0.15,5.19,6.32,0.12,0.15,2.6,3.35,0.22,3.28,2.11,0.03,0.27,1.08,0.35,3.25,0.05,0.15,3.4,0.05,1.49,6.83,1.66,1.39,2143.53,3528.93,27892.33,37115.64,20.87,-0.02,0.14,1946357.08,8125.04,888.56,1035.85,6684.19,606.37,838.29,7680.77,3814.77,606.58,11827.5,10516.47,1292.82,111.38,66.99,3.56,0.0
2009-12-01,25.220113636363635,0.23,4.93,4.39,0.2,0.16,0.13,5.26,6.37,0.12,0.15,2.72,3.54,0.2,3.47,2.22,0.05,0.25,1.0,0.36,3.25,0.05,0.17,3.59,0.05,1.46,6.83,1.62,1.4,2220.6,3780.53,28525.75,38889.11,18.78,-0.11,0.07,1905439.5,8099.47,877.19,1018.06,6720.87,604.01,838.8,7755.8,3788.91,604.27,11784.85,10474.41,1267.9,129.59,61.01,2.17,0.13
2010-01-01,25.061184210526314,0.23,5.03,4.43,0.18,0.13,0.11,5.26,6.25,0.11,0.15,2.8,3.67,0.19,3.62,2.37,0.04,0.25,0.9,0.32,3.25,0.06,0.15,3.73,0.06,1.43,6.83,1.62,1.4,2267.77,3783.07,28932.19,40395.15,18.48,-0.22,-0.03,1874930.75,8032.35,783.62,992.92,6646.24,601.31,832.76,7692.72,3765.04,601.57,11686.35,10377.72,1240.07,156.73,60.29,6.22,0.12
2010-02-01,23.422315789473686,0.23,4.99,4.37,0.2,0.15,0.15,5.35,6.34,0.13,0.15,2.83,3.58,0.14,3.56,2.24,0.05,0.25,0.85,0.31,3.25,0.11,0.18,3.69,0.11,1.37,6.83,1.56,1.41,2194.44,3695.62,28132.1,39360.68,19.84,-0.21,-0.07,1833627.0,7969.77,826.81,984.42,6650.18,599.43,822.08,7687.06,3727.01,599.68,11708.78,10387.25,1225.82,151.77,30.49,4.27,0.24
2010-03-01,27.05923913043479,0.24,4.97,4.33,0.24,0.2,0.2,5.27,6.27,0.16,0.18,2.77,3.58,0.12,3.57,2.27,0.06,0.27,0.87,0.31,3.25,0.15,0.22,3.73,0.15,1.36,6.83,1.51,1.4,2362.24,4137.04,29835.35,43174.91,15.9,-0.38,-0.19,1857447.0,8000.56,853.85,973.29,6698.86,597.76,875.13,7712.23,3699.92,597.99,11644.08,10325.67,1210.76,110.03,31.73,3.54,0.03
2010-04-01,27.804542857142856,0.26,5.1,4.42,0.3,0.23,0.21,5.29,6.25,0.2,0.22,2.79,3.68,0.15,3.65,2.38,0.04,0.31,0.96,0.31,3.25,0.16,0.24,3.85,0.16,1.34,6.83,1.53,1.38,2475.72,4424.8,31047.44,46093.38,15.6,-0.4,-0.25,2111245.82,8311.94,839.36,974.3,6719.35,600.78,1148.69,7711.24,3705.18,601.05,11794.15,10478.8,1208.24,87.82,33.01,5.87,0.3
2010-05-01,26.555012499999997,0.34,4.89,4.28,0.44,0.28,0.26,4.96,6.05,0.2,0.28,2.59,3.26,0.3,3.22,1.98,0.02,0.46,1.13,0.32,3.25,0.16,0.22,3.42,0.16,1.26,6.83,1.47,1.39,2319.24,4357.02,29212.78,43633.84,28.28,-0.02,-0.05,2046521.17,8282.58,836.03,969.28,6696.04,599.02,1140.58,7656.59,3699.26,599.27,11791.24,10468.41,1197.37,118.89,52.38,7.71,0.3
2010-06-01,25.698522727272724,0.35,4.74,4.18,0.46,0.32,0.24,4.88,6.23,0.18,0.35,2.48,3.08,0.41,3.03,1.82,0.01,0.54,1.19,0.33,3.25,0.12,0.19,3.2,0.12,1.22,6.82,1.48,1.4,2235.23,4251.0,28204.33,41571.88,26.62,0.08,0.05,1997054.7,8243.8,817.28,960.53,6728.31,596.52,1135.39,7677.95,3681.03,596.77,11696.65,10369.23,1190.53,127.63,46.88,5.23,0.08
2010-07-01,23.888333333333332,0.33,4.56,4.04,0.37,0.27,0.23,4.72,6.01,0.18,0.32,2.39,2.85,0.35,2.83,1.58,0.02,0.51,1.12,0.47,3.25,0.16,0.2,3.01,0.16,1.28,6.78,1.53,1.38,2210.27,4227.77,28138.72,40849.83,22.61,-0.16,-0.06,1961880.45,8254.0,783.07,953.19,6698.42,595.9,1132.65,7676.62,3656.92,596.15,11751.04,10417.05,1189.02,176.8,61.26,5.33,0.01
2010-08-01,24.567500000000003,0.28,4.43,3.91,0.27,0.25,0.21,4.49,5.66,0.19,0.25,2.18,2.54,0.21,2.51,1.28,0.0,0.36,0.94,0.48,3.25,0.16,0.19,2.7,0.16,1.29,6.79,1.57,1.36,2205.28,4416.12,28402.99,40748.32,22.13,-0.36,-0.1,1968495.88,8301.39,743.98,954.74,6705.78,594.4,1133.97,7722.13,3654.38,594.64,11828.0,10480.51,1188.09,161.47,83.19,2.98,0.02
2010-09-01,25.65187380952381,0.26,4.35,3.81,0.25,0.24,0.2,4.53,5.66,0.19,0.25,2.17,2.5,0.14,2.45,1.22,0.0,0.29,0.8,0.46,3.25,0.15,0.19,2.65,0.15,1.31,6.74,1.56,1.33,2298.35,4618.64,29394.69,42616.33,19.88,-0.41,-0.12,1937942.4,8322.91,747.93,958.51,6763.08,592.29,1125.44,7775.84,3646.17,592.54,11827.2,10474.34,1186.2,213.93,51.58,3.95,0.04
2010-10-01,27.16505714285714,0.26,4.23,3.66,0.25,0.23,0.2,4.68,5.72,0.19,0.25,2.16,2.41,0.16,2.35,0.99,-0.01,0.29,0.77,0.69,3.25,0.13,0.18,2.54,0.13,1.39,6.67,1.59,1.3,2441.3,4787.58,30747.8,45395.14,17.79,-0.58,-0.2,1927792.62,8327.4,762.88,957.78,6800.26,589.23,1112.09,7833.87,3628.48,589.48,11898.91,10555.88,1184.59,229.32,53.11,3.67,0.02
2010-11-01,29.269000000000005,0.25,4.3,3.68,0.25,0.23,0.21,4.87,5.92,0.19,0.22,2.31,2.62,0.14,2.57,1.16,-0.01,0.29,0.77,0.67,3.25,0.14,0.18,2.76,0.14,1.37,6.65,1.6,1.3,2530.99,4794.85,31564.73,47251.35,17.7,-0.55,-0.22,1887423.1,8353.5,748.94,959.21,6869.7,585.98,1108.32,7906.68,3632.6,586.23,11891.96,10544.36,1186.77,169.9,42.17,4.32,0.04
2010-12-01,31.153750000000002,0.26,4.71,4.06,0.27,0.23,0.19,5.02,6.1,0.18,0.25,2.67,3.15,0.16,3.11,1.75,0.01,0.3,0.78,0.58,3.25,0.14,0.19,3.29,0.14,1.32,6.65,1.56,1.31,2631.56,4825.01,32765.87,50623.58,15.45,-0.45,-0.25,1888745.76,8346.75,765.88,963.23,6902.5,582.48,1122.91,7935.3,3626.53,582.72,11861.12,10503.51,1191.7,157.47,33.59,3.24,0.01
2011-01-01,32.8815,0.26,4.76,4.09,0.26,0.24,0.21,5.04,6.09,0.17,0.25,2.78,3.24,0.15,3.22,1.82,0.01,0.3,0.78,0.64,3.25,0.15,0.18,3.39,0.15,1.34,6.6,1.58,1.29,2717.21,4993.95,33901.15,51977.71,14.77,-0.55,-0.32,1789435.7,8287.56,735.81,961.4,6875.08,578.93,1093.19,7920.64,3611.67,579.19,11842.91,10491.09,1195.64,139.75,35.53,4.75,0.04
2011-02-01,34.33784210526316,0.26,4.95,4.22,0.25,0.23,0.2,5.22,6.15,0.16,0.22,2.8,3.44,0.18,3.42,2.1,0.01,0.31,0.79,0.79,3.25,0.13,0.17,3.58,0.13,1.37,6.58,1.61,1.28,2783.54,5202.91,34951.64,53926.64,15.09,-0.55,-0.32,1774445.85,8218.0,776.06,964.45,6881.19,575.21,1077.89,7914.13,3577.97,575.46,11873.4,10521.97,1198.45,118.36,39.19,3.06,0.09
2011-03-01,34.735869565217385,0.25,4.84,4.08,0.23,0.23,0.17,5.13,6.03,0.14,0.2,2.72,3.31,0.21,3.28,1.98,0.02,0.31,0.78,0.76,3.25,0.1,0.16,3.41,0.1,1.4,6.56,1.62,1.27,2722.29,5153.31,34571.89,53809.95,17.93,-0.53,-0.31,1784708.26,8199.32,831.3,973.65,6949.53,570.87,1062.74,8005.02,3535.98,571.12,12010.21,10648.59,1206.46,140.79,59.25,4.35,0.08
2011-04-01,35.8976875,0.22,4.84,4.06,0.22,0.2,0.14,5.16,6.02,0.1,0.18,2.72,3.4,0.22,3.36,2.07,0.02,0.28,0.77,1.04,3.25,0.06,0.12,3.45,0.06,1.45,6.53,1.64,1.25,2797.07,5340.61,35356.43,55742.06,14.34,-0.65,-0.36,1735782.45,8214.8,798.09,983.09,7002.0,567.9,1067.74,8086.45,3512.21,568.15,12151.58,10778.0,1213.82,116.03,37.98,4.49,0.08
2011-05-01,35.59654761904762,0.2,4.64,3.82,0.18,0.16,0.12,4.96,5.78,0.09,0.15,2.61,3.13,0.22,3.08,1.75,0.0,0.26,0.74,1.15,3.25,0.04,0.09,3.17,0.04,1.43,6.5,1.63,1.24,2815.08,5523.95,35588.42,55359.44,15.73,-0.72,-0.33,1682119.12,8212.62,769.45,996.12,6979.46,565.98,1065.83,8119.01,3505.17,566.23,12198.22,10807.2,1226.49,93.22,36.23,3.09,0.3
2011-06-01,33.972615909090905,0.19,4.51,3.69,0.17,0.15,0.11,4.99,5.75,0.09,0.15,2.59,2.97,0.21,2.91,1.49,0.01,0.25,0.73,1.15,3.25,0.04,0.1,3.0,0.04,1.44,6.47,1.62,1.23,2687.76,5404.56,34306.73,53173.69,17.6,-0.67,-0.3,1674036.16,8217.62,849.9,1000.78,7067.74,563.2,1075.24,8178.7,3499.7,563.44,12289.88,10875.34,1234.1,126.06,46.09,4.8,0.3
2011-07-01,35.505624999999995,0.19,4.54,3.68,0.17,0.14,0.09,4.93,5.76,0.07,0.15,2.6,2.97,0.21,2.93,1.47,0.01,0.25,0.75,1.26,3.25,0.04,0.08,3.0,0.04,1.43,6.46,1.62,1.22,2810.58,5649.89,35382.06,55283.96,17.62,-0.62,-0.25,1661580.28,8217.66,916.58,1002.55,7208.08,559.98,1077.86,8229.27,3493.34,560.2,12303.28,10916.77,1242.56,200.15,59.68,5.97,0.33
2011-08-01,28.091882608695656,0.21,4.27,3.46,0.21,0.16,0.13,4.37,5.36,0.1,0.2,2.07,2.28,0.27,2.21,0.92,-0.04,0.29,0.78,1.09,3.25,0.02,0.06,2.3,0.02,1.43,6.4,1.64,1.21,2504.62,5047.1,31647.08,46850.98,31.34,-0.29,-0.01,1645075.58,8273.77,907.35,1016.53,7387.71,557.71,1081.5,8314.92,3493.12,557.93,12414.97,10998.92,1262.33,253.92,255.03,16.72,0.39
2011-09-01,26.317952380952384,0.23,4.11,3.32,0.22,0.14,0.1,4.09,5.27,0.08,0.2,1.76,1.96,0.34,1.89,0.82,-0.04,0.35,0.83,1.06,3.25,0.01,0.04,1.98,0.01,1.37,6.39,1.58,1.25,2524.14,4989.35,31380.23,45686.73,33.52,-0.19,0.15,1619745.45,8329.86,877.76,1026.16,7419.45,556.93,1082.33,8355.84,3490.33,557.15,12468.34,11046.31,1269.53,221.51,73.91,6.41,0.41
2011-10-01,25.946530952380947,0.24,4.07,3.35,0.24,0.15,0.11,3.98,5.37,0.07,0.2,1.87,2.13,0.39,2.08,0.99,-0.02,0.41,0.91,1.09,3.25,0.02,0.05,2.15,0.02,1.37,6.37,1.58,1.28,2594.78,4928.24,32263.1,46844.97,29.72,-0.11,0.11,1593625.22,8372.54,841.8,1035.12,7475.67,553.95,1080.65,8369.37,3498.71,554.17,12488.03,11080.65,1277.58,133.75,62.24,8.29,0.31
2011-11-01,27.55880714285714,0.25,3.99,3.3,0.21,0.14,0.09,3.87,5.14,0.08,0.22,1.76,2.0,0.46,1.93,0.83,-0.03,0.48,1.0,0.88,3.25,0.01,0.05,2.01,0.01,1.36,6.36,1.58,1.29,2606.29,5130.87,32839.8,48477.59,28.51,-0.18,0.1,1605060.9,8438.2,831.27,1048.19,7574.03,551.68,1084.14,8430.04,3512.91,551.9,12511.31,11097.45,1292.63,133.72,68.1,5.27,0.12
2011-12-01,28.093452380952385,0.28,3.96,3.25,0.18,0.14,0.06,3.93,5.25,0.07,0.28,1.72,1.97,0.55,1.91,0.82,-0.02,0.56,1.1,0.72,3.25,0.01,0.05,1.98,0.01,1.32,6.35,1.56,1.3,2601.67,5233.35,33350.25,49098.58,22.84,-0.27,0.07,1621076.0,8471.76,882.15,1060.98,7641.51,549.82,1102.8,8497.13,3504.77,550.05,12563.66,11145.46,1303.05,186.0,56.93,5.0,0.25
2012-01-01,30.481344999999997,0.28,3.92,3.2,0.26,0.14,0.06,3.85,5.23,0.08,0.25,1.73,1.93,0.53,1.88,0.75,-0.01,0.57,1.11,0.43,3.25,0.03,0.07,1.97,0.03,1.29,6.32,1.55,1.28,2743.79,5544.98,34975.41,51824.28,18.44,-0.46,-0.1,1580161.92,8502.08,855.99,1067.64,7654.45,550.11,1102.01,8512.37,3511.4,550.34,12576.25,11166.44,1316.28,156.17,46.81,5.26,0.21
2012-02-01,33.42425,0.25,3.89,3.16,0.21,0.17,0.09,3.85,5.14,0.1,0.2,1.69,1.88,0.41,1.86,0.73,0.02,0.5,1.07,0.32,3.25,0.09,0.12,1.97,0.09,1.32,6.3,1.58,1.25,2928.98,5793.94,36485.48,55260.57,16.82,-0.66,-0.19,1578288.02,8573.78,889.12,1095.7,7710.27,551.29,1090.25,8555.67,3540.08,551.53,12697.31,11246.36,1343.68,112.69,31.24,4.34,0.44
2012-03-01,34.680454545454545,0.24,3.95,3.2,0.2,0.18,0.12,3.99,5.23,0.13,0.2,1.83,2.09,0.39,2.05,0.89,0.01,0.47,1.05,0.28,3.25,0.08,0.14,2.17,0.08,1.32,6.31,1.58,1.26,3035.92,5844.36,37519.8,55604.9,14.85,-0.73,-0.26,1567754.3,8590.81,873.77,1107.3,7774.9,545.98,1079.91,8619.88,3535.19,546.22,12613.56,11149.01,1349.87,90.25,26.98,3.92,0.39
2012-04-01,34.5947525,0.24,3.91,3.14,0.2,0.2,0.1,3.96,5.19,0.14,0.2,1.76,1.97,0.39,1.91,0.75,0.0,0.47,1.05,0.28,3.25,0.08,0.14,2.05,0.08,1.32,6.3,1.6,1.25,3035.1,5973.67,37459.34,54978.14,16.12,-0.75,-0.29,1562062.37,8633.04,840.55,1124.77,7822.91,544.2,1081.52,8670.25,3528.62,544.44,12643.55,11203.41,1367.31,94.95,45.15,3.0,0.34
2012-05-01,33.431681818181815,0.24,3.8,3.03,0.2,0.19,0.12,3.8,5.07,0.16,0.22,1.52,1.71,0.38,1.65,0.61,-0.01,0.47,1.06,0.27,3.25,0.09,0.15,1.8,0.09,1.28,6.32,1.59,1.26,2900.41,6025.13,36280.81,53115.06,19.12,-0.78,-0.21,1576821.92,8667.66,811.44,1138.31,7777.66,541.75,1092.62,8626.62,3533.51,541.99,12694.56,11245.21,1377.39,120.23,37.69,4.75,0.18
2012-06-01,31.59752380952381,0.24,3.68,2.95,0.21,0.21,0.13,3.64,5.02,0.16,0.25,1.33,1.53,0.37,1.46,0.55,-0.01,0.47,1.07,0.28,3.25,0.09,0.15,1.62,0.09,1.25,6.36,1.56,1.28,2850.35,5950.03,35800.59,52053.66,18.98,-0.67,-0.16,1572512.02,8685.67,864.32,1146.7,7860.24,538.92,1097.17,8695.92,3527.61,539.16,12723.09,11265.06,1396.9,169.63,89.93,5.75,0.09
2012-07-01,32.524723809523806,0.25,3.55,2.84,0.24,0.22,0.13,3.4,4.87,0.16,0.25,1.28,1.43,0.36,1.37,0.46,-0.01,0.45,1.07,0.11,3.25,0.1,0.15,1.53,0.1,1.23,6.37,1.56,1.26,2920.11,6281.38,36814.66,54164.66,16.05,-0.87,-0.24,1574657.68,8720.34,867.67,1154.51,7926.5,534.37,1094.19,8763.99,3522.44,534.58,12778.14,11316.06,1411.3,171.59,58.25,3.9,0.09
2012-08-01,33.41836956521739,0.24,3.6,2.86,0.19,0.2,0.14,3.48,4.91,0.13,0.2,1.41,1.58,0.33,1.55,0.58,0.01,0.43,1.04,0.04,3.25,0.1,0.14,1.68,0.1,1.24,6.36,1.57,1.25,3032.67,6278.58,38031.69,55020.33,14.3,-0.94,-0.3,1558390.9,8774.34,867.46,1165.7,7977.02,531.34,1101.6,8827.15,3527.69,531.55,12831.33,11361.53,1424.82,149.65,47.43,3.89,0.15
2012-09-01,35.46756842105263,0.22,3.5,2.8,0.17,0.2,0.11,3.49,4.84,0.14,0.2,1.47,1.62,0.28,1.57,0.52,0.0,0.39,1.0,0.03,3.25,0.11,0.14,1.72,0.11,1.29,6.32,1.61,1.23,3136.8,6348.4,39227.1,57692.58,13.98,-1.08,-0.37,1565819.48,8821.67,866.4,1174.79,8035.22,528.14,1106.8,8898.43,3534.09,528.36,12860.75,11375.24,1432.86,146.6,61.04,4.03,0.26
2012-10-01,35.0181119047619,0.21,3.38,2.69,0.19,0.19,0.12,3.47,4.58,0.16,0.2,1.47,1.64,0.22,1.59,0.55,-0.01,0.33,0.92,0.03,3.25,0.1,0.15,1.75,0.1,1.3,6.26,1.61,1.22,3060.26,6196.5,39106.1,56869.27,14.93,-1.13,-0.43,1550122.74,8850.0,871.16,1194.17,8134.53,522.94,1103.96,8993.6,3530.65,523.13,12860.08,11371.56,1448.53,161.7,52.5,4.36,0.22
2012-11-01,33.707142857142856,0.21,3.35,2.66,0.21,0.2,0.15,3.5,4.51,0.16,0.2,1.39,1.56,0.22,1.49,0.5,-0.02,0.31,0.86,0.02,3.25,0.09,0.14,1.65,0.09,1.28,6.23,1.6,1.22,2941.02,6092.04,38036.44,55737.91,15.74,-1.15,-0.44,1540468.58,8916.09,926.66,1201.62,8279.62,519.42,1105.27,9134.56,3563.5,519.62,13020.08,11514.51,1456.89,208.19,87.67,3.21,0.12
2012-12-01,35.3868775,0.21,3.34,2.66,0.17,0.2,0.1,3.65,4.63,0.16,0.2,1.46,1.65,0.24,1.56,0.53,-0.04,0.31,0.85,0.02,3.25,0.07,0.12,1.72,0.07,1.31,6.23,1.61,1.22,3003.79,6245.52,38911.26,57899.97,15.74,-1.19,-0.47,1544230.28,8974.28,973.22,1216.67,8415.92,516.08,1118.94,9306.73,3558.74,516.29,13117.97,11613.63,1471.13,211.77,67.02,3.11,0.1
2013-01-01,38.82809285714286,0.2,3.41,2.7,0.19,0.16,0.11,3.8,4.73,0.14,0.2,1.65,1.84,0.23,1.77,0.66,-0.03,0.3,0.81,0.02,3.25,0.07,0.11,1.91,0.07,1.33,6.22,1.6,1.23,3125.91,6544.75,40619.38,61658.66,12.52,-1.25,-0.52,1566485.76,8995.78,894.7,1228.27,8369.38,512.08,1119.71,9300.79,3565.79,512.29,13205.5,11716.43,1485.28,204.0,56.69,6.28,0.12
2013-02-01,39.40171052631579,0.2,3.53,2.77,0.16,0.17,0.11,3.9,4.85,0.15,0.2,1.72,1.89,0.19,1.84,0.7,-0.03,0.29,0.76,0.03,3.25,0.1,0.12,1.98,0.1,1.33,6.23,1.55,1.24,3169.21,6645.97,41569.03,63549.84,12.98,-1.23,-0.52,1562900.35,8960.72,918.54,1229.63,8315.31,508.95,1108.49,9266.13,3552.78,509.16,13271.04,11771.42,1491.3,145.21,36.44,6.29,0.16
2013-03-01,39.17287499999999,0.2,3.57,2.76,0.15,0.15,0.11,3.93,4.85,0.14,0.2,1.7,1.87,0.19,1.81,0.67,-0.03,0.28,0.74,0.03,3.25,0.09,0.11,1.96,0.09,1.3,6.22,1.51,1.25,3236.17,6742.85,42698.0,65682.62,11.8,-1.29,-0.53,1553283.35,8951.18,991.2,1247.15,8389.09,504.46,1099.74,9345.52,3537.56,504.69,13301.39,11798.01,1499.29,137.83,69.13,5.83,0.22
2013-04-01,40.77570227272727,0.2,3.44,2.66,0.16,0.12,0.1,3.73,4.59,0.14,0.18,1.53,1.7,0.22,1.61,0.57,-0.06,0.28,0.72,0.04,3.25,0.06,0.09,1.76,0.06,1.3,6.19,1.53,1.24,3251.35,7074.79,43279.06,65187.24,12.66,-1.33,-0.58,1542799.42,9019.12,1020.86,1256.44,8444.12,499.47,1104.78,9399.79,3542.18,499.7,13347.26,11837.83,1505.9,89.17,24.27,3.38,0.15
2013-05-01,42.882843181818174,0.2,3.54,2.72,0.14,0.1,0.09,3.89,4.73,0.11,0.15,1.68,1.88,0.23,1.82,0.73,-0.03,0.27,0.69,0.04,3.25,0.04,0.08,1.93,0.04,1.3,6.14,1.53,1.25,3440.38,7290.48,45247.59,68624.62,12.24,-1.31,-0.58,1535766.78,9033.32,1009.72,1262.23,8365.44,494.55,1112.06,9334.22,3539.86,494.78,13444.08,11922.62,1509.97,78.38,28.06,3.68,0.08
2013-06-01,37.943875000000006,0.19,4.07,3.17,0.14,0.1,0.07,4.27,5.19,0.09,0.15,1.97,2.25,0.22,2.2,1.11,0.0,0.27,0.68,0.04,3.25,0.05,0.09,2.3,0.05,1.32,6.13,1.55,1.26,3416.74,6698.67,44705.59,68376.18,15.43,-0.93,-0.54,1529542.65,9045.96,1049.77,1269.32,8394.89,491.34,1121.76,9384.53,3544.41,491.57,13521.31,12007.41,1521.24,81.67,36.42,3.17,0.13
2013-07-01,38.99244318181818,0.19,4.37,3.43,0.14,0.11,0.08,4.34,5.32,0.09,0.15,2.24,2.55,0.23,2.49,1.31,-0.02,0.27,0.68,0.05,3.25,0.04,0.07,2.58,0.04,1.31,6.13,1.52,1.27,3559.71,6929.24,46200.31,72226.92,12.85,-0.92,-0.55,1514043.8,9021.66,1109.0,1269.77,8457.84,487.34,1120.51,9459.61,3538.01,487.56,13571.77,12078.76,1531.03,93.22,24.69,4.09,0.13
2013-08-01,36.65261136363635,0.18,4.46,3.49,0.12,0.09,0.07,4.54,5.42,0.08,0.15,2.38,2.69,0.22,2.65,1.44,-0.01,0.26,0.67,0.05,3.25,0.04,0.07,2.74,0.04,1.33,6.12,1.55,1.27,3639.93,6510.51,46393.59,72763.01,13.21,-0.93,-0.55,1517191.85,9016.32,1152.62,1269.15,8482.96,486.07,1128.35,9487.46,3529.82,486.32,13662.69,12161.38,1532.85,92.88,44.92,3.61,0.15
2013-09-01,37.445125000000004,0.18,4.49,3.52,0.11,0.08,0.06,4.64,5.47,0.08,0.15,2.41,2.79,0.24,2.73,1.52,-0.04,0.25,0.65,0.05,3.25,0.02,0.04,2.81,0.02,1.34,6.12,1.59,1.26,3731.26,6532.16,46990.16,73997.82,13.7,-0.89,-0.56,1515913.58,9025.37,1201.36,1271.87,8530.1,484.32,1133.8,9565.48,3532.67,484.61,13767.19,12265.57,1538.2,116.72,39.09,5.26,0.13
2013-10-01,39.2536956521739,0.17,4.19,3.27,0.12,0.11,0.09,4.53,5.31,0.09,0.13,2.28,2.57,0.19,2.53,1.28,-0.01,0.24,0.62,0.06,3.25,0.05,0.08,2.62,0.05,1.36,6.1,1.61,1.24,3848.2,6749.32,48006.67,76567.38,14.8,-1.03,-0.62,1529094.44,9061.32,1305.18,1284.17,8661.23,481.05,1134.87,9675.84,3527.68,481.35,13867.49,12359.99,1549.04,176.28,95.75,5.07,0.08
2013-11-01,39.014624999999995,0.17,4.26,3.3,0.12,0.09,0.07,4.63,5.38,0.08,0.12,2.41,2.65,0.17,2.63,1.29,0.02,0.24,0.59,0.07,3.25,0.07,0.1,2.72,0.07,1.35,6.09,1.61,1.25,3957.53,6589.21,49754.11,78370.36,12.15,-1.14,-0.68,1541193.38,9096.67,1342.94,1286.65,8700.04,476.79,1132.85,9737.13,3535.86,477.1,13989.38,12466.66,1557.0,83.82,35.06,3.3,0.04
2013-12-01,37.05773809523809,0.17,4.46,3.48,0.14,0.09,0.07,4.62,5.38,0.09,0.15,2.56,2.84,0.18,2.82,1.49,0.01,0.24,0.58,0.14,3.25,0.07,0.1,2.9,0.07,1.37,6.07,1.64,1.26,4075.88,6443.74,50522.83,79753.45,13.36,-1.1,-0.7,1550821.7,9142.45,1381.67,1297.01,8800.77,474.29,1144.57,9857.98,3539.24,474.61,14085.03,12563.18,1571.94,90.94,40.15,3.87,0.09
2014-01-01,37.30256904761906,0.16,4.43,3.48,0.12,0.09,0.07,4.49,5.19,0.07,0.12,2.46,2.81,0.2,2.79,1.58,0.0,0.24,0.58,0.16,3.25,0.04,0.07,2.86,0.04,1.36,6.05,1.65,1.27,4154.36,6611.4,51058.86,81415.82,13.66,-1.15,-0.7,1539567.76,9168.36,1343.79,1309.25,8812.95,471.75,1146.51,9899.13,3538.73,472.05,14074.6,12544.79,1584.97,95.63,42.67,3.89,0.1
2014-02-01,40.263552631578946,0.16,4.3,3.35,0.13,0.1,0.07,4.45,5.1,0.07,0.1,2.38,2.66,0.18,2.64,1.45,0.01,0.24,0.55,0.15,3.25,0.05,0.08,2.71,0.05,1.37,6.08,1.66,1.27,4199.45,6896.51,51049.06,81070.28,14.98,-1.18,-0.72,1544629.12,9196.22,1331.48,1333.93,8819.35,469.12,1135.45,9927.42,3542.44,469.42,14243.99,12698.05,1617.51,83.49,26.64,2.56,0.07
2014-03-01,40.63059523809524,0.15,4.34,3.36,0.12,0.1,0.07,4.38,5.06,0.08,0.1,2.32,2.67,0.18,2.64,1.56,0.0,0.23,0.56,0.16,3.25,0.05,0.08,2.72,0.05,1.38,6.17,1.66,1.27,4276.36,7054.66,52444.81,84253.27,14.14,-1.22,-0.74,1586118.08,9248.71,1346.69,1352.3,8900.64,467.95,1125.57,10022.1,3548.19,468.25,14339.12,12782.24,1633.76,72.93,31.99,3.28,0.08
2014-04-01,40.83083571428571,0.15,4.34,3.39,0.12,0.1,0.07,4.24,4.9,0.09,0.1,2.29,2.67,0.2,2.62,1.61,-0.04,0.23,0.55,0.19,3.25,0.03,0.05,2.71,0.03,1.38,6.22,1.67,1.25,4119.31,7248.23,52468.4,82271.57,13.21,-1.26,-0.74,1621988.72,9311.63,1363.97,1372.45,8971.94,466.89,1135.51,10108.76,3562.88,467.19,14386.76,12832.2,1649.22,63.76,15.18,4.1,0.2
2014-05-01,41.06607142857143,0.15,4.19,3.29,0.11,0.1,0.07,4.16,4.76,0.09,0.13,2.17,2.53,0.19,2.47,1.51,-0.04,0.23,0.54,0.21,3.25,0.03,0.05,2.56,0.03,1.37,6.24,1.68,1.25,4135.37,7494.92,53256.77,81278.3,11.7,-1.34,-0.74,1633345.62,9370.04,1334.46,1386.43,8930.26,465.88,1145.46,10081.79,3573.88,466.18,14505.28,12929.76,1663.66,68.4,20.41,3.68,0.19
2014-06-01,41.30464285714285,0.15,4.16,3.26,0.11,0.1,0.07,4.25,4.8,0.1,0.15,2.15,2.56,0.19,2.5,1.58,-0.04,0.23,0.54,0.09,3.25,0.04,0.06,2.6,0.04,1.36,6.23,1.69,1.25,4332.74,7604.84,54969.57,84841.48,11.11,-1.38,-0.76,1693907.85,9418.38,1386.83,1391.09,8984.08,465.13,1155.56,10116.73,3596.87,465.42,14641.18,13056.37,1672.66,68.9,15.56,2.29,0.15
2014-07-01,41.45011136363637,0.15,4.13,3.24,0.13,0.1,0.08,4.16,4.73,0.09,0.15,2.04,2.52,0.21,2.45,1.61,-0.03,0.23,0.56,0.03,3.25,0.03,0.06,2.54,0.03,1.35,6.2,1.71,1.24,4434.13,7739.43,55763.96,84765.04,11.57,-1.38,-0.76,1719035.86,9481.34,1415.44,1399.75,9055.13,463.17,1161.75,10194.41,3607.54,463.47,14763.76,13180.44,1694.44,72.39,24.0,3.45,0.08
2014-08-01,40.70023809523809,0.16,4.12,3.25,0.13,0.11,0.09,4.08,4.69,0.09,0.15,1.95,2.39,0.2,2.33,1.54,-0.04,0.23,0.56,0.02,3.25,0.03,0.05,2.42,0.03,1.33,6.15,1.67,1.25,4464.83,7761.92,55550.22,83985.94,12.66,-1.32,-0.74,1729662.75,9527.38,1430.82,1405.36,9035.71,461.89,1170.31,10172.83,3619.75,462.2,14831.06,13234.29,1710.62,53.54,21.08,3.45,0.09
2014-09-01,39.38773809523809,0.15,4.16,3.31,0.12,0.1,0.09,4.11,4.8,0.09,0.15,1.97,2.51,0.21,2.45,1.69,-0.05,0.23,0.58,-0.03,3.25,0.02,0.04,2.53,0.02,1.29,6.14,1.63,1.26,4551.59,7624.47,56507.27,84209.06,12.43,-1.25,-0.72,1737853.25,9587.73,1520.89,1416.63,9178.65,461.21,1178.98,10315.21,3625.49,461.49,14954.81,13351.82,1724.25,57.97,19.73,1.68,0.07
2014-10-01,38.991260869565224,0.15,4.04,3.21,0.12,0.1,0.08,3.92,4.69,0.09,0.15,1.86,2.29,0.21,2.22,1.46,-0.04,0.23,0.55,-0.02,3.25,0.02,0.05,2.3,0.02,1.27,6.13,1.61,1.27,4403.23,7752.74,54937.72,80670.4,15.22,-1.13,-0.69,1765386.44,9632.65,1464.36,1427.9,9143.57,461.01,1178.3,10278.53,3623.6,461.34,14956.12,13357.42,1729.12,66.29,25.4,5.67,0.07
2014-11-01,41.41873684210526,0.15,4.0,3.19,0.13,0.1,0.09,3.92,4.79,0.09,0.15,1.8,2.3,0.21,2.23,1.53,-0.02,0.23,0.56,-0.02,3.25,0.02,0.07,2.33,0.02,1.25,6.12,1.58,1.3,4687.7,8238.4,58104.79,85739.56,12.97,-1.21,-0.7,1768881.42,9701.48,1551.03,1444.13,9259.05,459.62,1184.56,10388.25,3632.21,459.98,15071.66,13458.96,1748.99,58.18,13.09,3.22,0.04
2014-12-01,42.739090909090905,0.16,3.86,3.13,0.15,0.13,0.11,3.79,4.74,0.12,0.15,1.57,2.18,0.22,2.09,1.52,-0.01,0.24,0.6,-0.04,3.25,0.03,0.11,2.21,0.03,1.23,6.19,1.56,1.32,4732.7,8492.39,58455.84,85996.32,15.75,-1.09,-0.66,1779479.02,9815.25,1604.67,1461.71,9425.77,458.39,1206.41,10540.64,3644.31,458.76,15058.6,13437.98,1771.84,66.24,22.07,3.22,0.04
2015-01-01,44.553525,0.17,3.67,2.98,0.16,0.12,0.12,3.46,4.45,0.11,0.15,1.33,1.85,0.23,1.76,1.26,-0.03,0.25,0.62,-0.06,3.25,0.03,0.08,1.88,0.03,1.16,6.22,1.51,1.34,4673.7,9079.07,57892.56,85944.41,17.38,-1.04,-0.59,1797860.5,9867.53,1565.07,1471.66,9400.24,457.17,1202.49,10528.57,3655.36,457.55,15213.41,13577.66,1791.02,80.65,28.27,4.6,0.02
2015-02-01,43.999739473684215,0.17,3.71,3.01,0.15,0.12,0.1,3.61,4.51,0.11,0.15,1.36,1.96,0.24,1.86,1.36,-0.04,0.26,0.66,-0.05,3.25,0.02,0.07,1.98,0.02,1.14,6.25,1.53,1.35,4854.26,8948.12,59587.01,88967.59,15.56,-1.07,-0.58,1773111.38,9911.48,1586.07,1485.08,9469.84,455.94,1190.61,10615.1,3668.03,456.31,15254.76,13612.13,1804.36,68.66,21.43,3.05,0.01
2015-03-01,42.94613636363637,0.18,3.77,3.04,0.14,0.11,0.09,3.64,4.54,0.11,0.15,1.4,2.01,0.24,1.93,1.41,0.0,0.27,0.7,-0.07,3.25,0.03,0.11,2.04,0.03,1.08,6.24,1.5,1.38,4938.01,8807.57,59662.87,90473.56,14.52,-1.11,-0.64,1814871.72,9974.66,1611.45,1512.64,9557.7,454.2,1176.26,10701.32,3694.49,454.57,15349.76,13698.94,1831.7,62.27,18.17,2.62,0.03
2015-04-01,42.79964761904762,0.18,3.67,2.94,0.13,0.1,0.08,3.52,4.48,0.12,0.15,1.4,1.91,0.25,1.81,1.23,-0.03,0.28,0.7,-0.1,3.25,0.02,0.09,1.93,0.02,1.08,6.2,1.5,1.35,4985.95,8751.91,60163.7,91960.38,14.0,-1.21,-0.68,1832314.96,10051.34,1601.13,1528.72,9606.89,452.78,1189.17,10725.48,3709.45,453.15,15357.24,13689.37,1847.02,66.03,26.26,3.53,0.03
2015-05-01,40.321124999999995,0.18,3.84,3.06,0.15,0.12,0.09,3.98,4.89,0.12,0.15,1.59,2.18,0.26,2.07,1.41,-0.04,0.28,0.73,-0.13,3.25,0.02,0.08,2.2,0.02,1.12,6.2,1.55,1.33,5029.43,8475.24,60703.04,91083.27,13.61,-1.12,-0.66,1834504.83,10118.19,1481.49,1542.73,9530.44,451.29,1198.4,10647.47,3720.61,451.65,15336.51,13663.36,1862.44,62.86,16.87,2.33,0.03
2015-06-01,39.231888636363635,0.19,3.98,3.19,0.18,0.14,0.11,4.19,5.13,0.13,0.18,1.67,2.35,0.27,2.24,1.55,-0.04,0.28,0.77,-0.15,3.25,0.02,0.09,2.36,0.02,1.12,6.21,1.56,1.35,5073.04,8245.64,60469.04,92188.47,14.53,-1.01,-0.67,1846999.25,10166.87,1458.15,1553.38,9573.56,449.15,1207.77,10690.99,3746.11,449.51,15322.88,13648.34,1877.62,67.03,20.4,3.44,0.07
2015-07-01,39.23365454545455,0.19,4.05,3.21,0.19,0.13,0.11,4.15,5.2,0.13,0.2,1.66,2.29,0.26,2.19,1.5,-0.01,0.29,0.79,-0.15,3.25,0.03,0.12,2.32,0.03,1.1,6.21,1.56,1.36,5082.81,8399.34,60384.52,90397.06,14.59,-0.98,-0.66,1841424.8,10186.87,1487.32,1554.46,9651.04,446.42,1217.13,10759.72,3765.21,446.78,15339.13,13668.86,1889.39,74.31,30.64,5.71,0.04
2015-08-01,40.25414285714286,0.2,3.9,3.13,0.26,0.18,0.13,4.04,5.19,0.14,0.2,1.47,2.1,0.25,2.03,1.4,0.08,0.32,0.84,-0.16,3.25,0.07,0.22,2.17,0.07,1.11,6.34,1.56,1.4,4934.62,8427.1,58968.53,87008.92,19.56,-0.86,-0.59,1841272.62,10236.18,1515.21,1557.44,9686.52,443.98,1227.56,10800.68,3782.16,444.35,15449.48,13762.67,1902.2,76.01,96.51,9.41,0.02
2015-09-01,37.72809523809525,0.2,3.89,3.1,0.27,0.22,0.15,4.07,5.34,0.14,0.2,1.46,2.15,0.31,2.04,1.35,0.04,0.33,0.85,-0.17,3.25,0.02,0.18,2.17,0.02,1.12,6.37,1.53,1.41,4748.0,8083.9,56356.41,83707.53,23.38,-0.71,-0.55,1809499.82,10283.36,1487.34,1565.07,9739.59,444.49,1239.7,10846.48,3799.82,444.85,15420.9,13725.64,1914.44,87.06,81.76,5.21,0.03
2015-10-01,41.70059090909091,0.19,3.8,3.01,0.25,0.18,0.13,3.95,5.34,0.12,0.2,1.43,2.05,0.31,1.95,1.26,-0.01,0.32,0.84,-0.17,3.25,0.02,0.11,2.07,0.02,1.12,6.35,1.53,1.4,4879.04,8718.56,58681.84,84935.82,16.08,-0.79,-0.58,1884425.05,10342.88,1467.16,1577.67,9765.83,443.16,1245.79,10889.22,3814.85,443.52,15587.91,13890.52,1927.44,65.75,41.12,4.15,0.04
2015-11-01,42.34547500000001,0.21,3.94,3.16,0.3,0.2,0.13,4.06,5.46,0.12,0.2,1.38,2.14,0.24,2.14,1.55,0.2,0.37,0.93,-0.17,3.25,0.12,0.32,2.26,0.13,1.07,6.36,1.52,1.41,5082.51,8646.82,60363.62,86451.64,15.79,-0.84,-0.6,1896827.82,10432.05,1511.05,1587.47,9875.64,442.36,1252.65,10977.3,3851.67,442.73,15644.67,13942.95,1942.89,55.51,18.72,2.18,0.03
2015-12-01,42.31375454545456,0.35,3.96,3.21,0.54,0.36,0.3,3.97,5.46,0.24,0.32,1.26,2.01,0.31,2.01,1.47,0.25,0.53,1.08,-0.25,3.37,0.23,0.49,2.24,0.23,1.09,6.45,1.5,1.41,5040.54,8747.15,59653.49,84021.9,17.34,-0.66,-0.54,1898807.76,10529.58,1462.58,1591.99,9952.04,441.46,1280.07,10999.35,3874.03,441.84,15584.39,13873.11,1952.9,71.08,28.55,4.54,0.01
2016-01-01,40.051710526315794,0.43,3.87,3.16,0.57,0.47,0.38,4.0,5.45,0.34,0.45,1.19,1.83,0.36,1.72,1.16,0.09,0.62,1.15,-0.27,3.5,0.26,0.43,2.09,0.26,1.09,6.57,1.44,1.43,4610.71,8564.06,55740.38,76220.21,22.61,-0.48,-0.48,1903414.42,10558.41,1414.76,1590.99,9912.4,438.29,1285.85,10970.59,3890.59,438.66,15654.05,13940.07,1959.46,80.38,75.51,5.83,0.02
2016-02-01,38.0498775,0.43,3.66,2.96,0.54,0.47,0.41,3.96,5.34,0.38,0.45,1.05,1.46,0.31,1.41,0.85,0.06,0.62,1.14,-0.28,3.5,0.31,0.44,1.78,0.31,1.11,6.55,1.43,1.41,4463.21,8304.6,55322.67,74775.08,21.6,-0.44,-0.47,1922610.45,10586.14,1448.77,1616.9,9940.95,435.31,1274.02,10999.89,3907.09,435.67,15740.37,14016.66,1982.28,78.93,52.04,4.89,0.07
2016-03-01,42.036131818181815,0.44,3.69,2.97,0.55,0.47,0.41,3.82,5.13,0.36,0.45,1.01,1.59,0.34,1.53,1.02,0.1,0.63,1.22,-0.34,3.5,0.29,0.46,1.89,0.3,1.11,6.5,1.42,1.37,4754.48,9010.88,58967.06,81575.58,15.36,-0.69,-0.52,1952994.92,10647.21,1482.17,1653.7,10060.46,432.52,1266.75,11133.6,3928.7,432.91,15732.41,14015.39,2017.48,63.63,29.43,3.1,0.06
2016-04-01,44.706357142857144,0.44,3.6,2.87,0.55,0.48,0.41,3.62,4.79,0.37,0.45,1.04,1.58,0.4,1.44,0.89,0.0,0.63,1.22,-0.38,3.5,0.23,0.37,1.81,0.23,1.13,6.48,1.43,1.35,4892.17,9240.66,60670.52,84874.05,13.96,-0.81,-0.54,1964655.52,10721.85,1509.25,1668.38,10138.24,430.29,1277.82,11182.43,3945.67,430.68,15821.33,14096.22,2032.92,52.44,18.66,2.48,0.06
2016-05-01,46.858333333333334,0.44,3.6,2.84,0.57,0.48,0.38,3.65,4.68,0.37,0.45,0.99,1.53,0.37,1.44,0.93,0.04,0.64,1.27,-0.38,3.5,0.27,0.41,1.81,0.28,1.13,6.53,1.45,1.37,4788.24,9320.91,60560.79,84808.74,14.45,-0.89,-0.55,1975843.63,10795.92,1455.69,1680.23,10083.57,428.85,1286.03,11131.24,3975.8,429.24,15867.31,14132.61,2047.42,55.18,19.57,1.65,0.15
2016-06-01,49.07171590909091,0.45,3.57,2.84,0.55,0.49,0.39,3.5,4.53,0.38,0.48,0.91,1.37,0.38,1.27,0.79,0.02,0.65,1.26,-0.38,3.5,0.27,0.4,1.64,0.27,1.12,6.59,1.42,1.35,4856.23,9447.48,61226.02,87164.7,16.38,-0.89,-0.52,1978104.58,10858.73,1493.59,1682.25,10194.38,427.16,1305.14,11224.7,4005.27,427.55,15924.5,14178.75,2052.34,133.65,132.08,4.41,0.24
2016-07-01,51.048874999999995,0.48,3.44,2.75,0.62,0.46,0.4,3.28,4.22,0.39,0.5,0.83,1.2,0.4,1.11,0.68,0.0,0.7,1.32,-0.39,3.5,0.3,0.39,1.5,0.3,1.11,6.68,1.31,1.35,5023.99,10093.6,63281.39,90256.4,12.86,-1.0,-0.52,1991485.12,10922.14,1459.45,1677.01,10222.61,424.97,1320.69,11246.42,4035.89,425.35,15997.59,14241.53,2060.08,94.67,63.29,4.03,0.18
2016-08-01,53.714541304347826,0.51,3.44,2.74,0.73,0.5,0.42,3.32,4.24,0.4,0.55,0.82,1.26,0.52,1.16,0.74,0.04,0.81,1.51,-0.39,3.5,0.3,0.44,1.56,0.3,1.12,6.65,1.31,1.35,5217.04,10040.9,64249.61,92847.09,12.14,-1.02,-0.56,1996617.06,10970.78,1508.46,1668.53,10342.81,422.76,1333.22,11351.57,4061.15,423.15,16084.0,14325.11,2053.12,71.41,32.41,2.97,0.11
2016-09-01,53.105938095238095,0.53,3.46,2.76,0.75,0.53,0.45,3.41,4.31,0.4,0.6,0.86,1.34,0.56,1.24,0.78,0.06,0.85,1.56,-0.39,3.5,0.29,0.46,1.63,0.29,1.12,6.67,1.31,1.36,5254.15,9821.78,63847.14,93176.58,13.85,-0.99,-0.53,1993027.1,11044.84,1496.9,1678.2,10393.89,420.58,1341.14,11353.3,4078.98,420.97,16068.81,14300.79,2068.89,50.29,22.39,2.7,0.15
2016-10-01,51.46595238095237,0.53,3.47,2.76,0.72,0.58,0.45,3.51,4.38,0.4,0.6,0.92,1.43,0.55,1.36,0.87,0.07,0.88,1.58,-0.39,3.5,0.33,0.47,1.76,0.33,1.1,6.73,1.23,1.38,5255.99,9325.23,63474.81,91959.47,14.75,-1.04,-0.54,1974773.33,11121.14,1435.19,1694.31,10441.89,418.39,1345.0,11350.85,4102.33,418.78,15991.22,14220.77,2080.49,69.45,28.98,2.58,0.12
2016-11-01,49.26452380952381,0.56,3.77,3.03,0.71,0.62,0.48,3.86,4.71,0.41,0.57,1.16,1.69,0.46,1.74,1.19,0.16,0.91,1.6,-0.39,3.5,0.45,0.57,2.14,0.45,1.08,6.84,1.24,1.41,5260.57,8989.9,64321.94,95426.02,15.13,-0.94,-0.6,1973117.72,11178.04,1455.17,1700.29,10530.48,415.43,1354.37,11443.11,4117.81,415.82,16076.46,14317.63,2087.76,125.67,52.06,4.13,0.19
2016-12-01,51.89309523809524,0.71,4.2,3.43,0.87,0.74,0.61,4.06,4.83,0.54,0.65,1.3,1.98,0.47,1.96,1.42,0.09,0.98,1.67,-0.39,3.64,0.51,0.63,2.49,0.51,1.05,6.92,1.25,1.44,5413.12,9335.71,66993.48,102280.77,12.39,-0.97,-0.63,1974753.62,11213.69,1455.13,1702.56,10629.49,411.97,1381.39,11546.22,4122.42,412.35,16052.01,14296.91,2083.74,123.93,39.9,2.99,0.26
2017-01-01,52.280125,0.77,4.15,3.39,0.9,0.8,0.71,3.92,4.66,0.65,0.78,1.23,1.91,0.51,1.78,1.26,-0.04,1.03,1.71,-0.4,3.75,0.51,0.61,2.43,0.52,1.06,6.89,1.24,1.43,5561.42,9574.09,67973.85,102747.44,11.86,-1.02,-0.66,1965003.48,11225.43,1416.92,1700.08,10604.39,407.49,1380.43,11546.74,4135.98,407.88,16071.6,14311.68,2079.44,144.14,45.25,3.94,0.16
2017-02-01,49.922763157894735,0.78,4.17,3.38,0.87,0.77,0.71,3.95,4.64,0.66,0.8,1.22,1.89,0.52,1.76,1.25,-0.02,1.04,1.72,-0.4,3.75,0.52,0.64,2.42,0.53,1.07,6.87,1.25,1.41,5764.7,9613.92,69726.62,104300.45,11.59,-1.08,-0.68,1994540.22,11228.07,1447.87,1709.25,10578.53,404.35,1366.27,11546.63,4137.91,404.72,16152.08,14383.81,2081.55,119.43,22.52,3.65,0.18
2017-03-01,50.4745652173913,0.93,4.2,3.41,0.98,0.87,0.83,4.01,4.68,0.79,0.87,1.17,1.73,0.4,1.7,1.23,0.08,1.13,1.81,-0.41,3.88,0.74,0.87,2.48,0.75,1.07,6.89,1.23,1.4,5864.96,9471.51,70898.2,103176.35,11.28,-1.17,-0.67,1984915.66,11229.65,1548.01,1712.79,10681.54,400.85,1349.61,11670.43,4139.23,401.22,16197.43,14424.51,2068.22,112.85,19.48,3.42,0.12
2017-04-01,54.07473684210526,0.99,4.04,3.3,1.03,0.92,0.91,3.87,4.57,0.9,1.0,1.06,1.49,0.36,1.39,0.92,0.03,1.16,1.78,-0.41,4.0,0.8,0.93,2.3,0.81,1.07,6.89,1.26,1.4,5912.17,9710.95,70814.37,103744.11,12.37,-1.19,-0.66,1984018.35,11273.66,1482.41,1719.37,10701.32,398.82,1353.92,11707.28,4154.99,399.2,16203.29,14422.76,2068.69,101.36,24.26,2.13,0.06
2017-05-01,54.93651136363636,1.01,4.01,3.26,1.05,0.95,0.95,3.85,4.55,0.91,1.0,1.0,1.4,0.29,1.4,0.93,0.11,1.19,1.75,-0.41,4.0,0.89,1.01,2.3,0.9,1.1,6.88,1.29,1.4,6124.88,9483.71,71967.44,103973.29,10.73,-1.33,-0.7,1976487.08,11328.38,1414.75,1727.7,10651.11,397.01,1359.47,11677.1,4178.39,397.4,16197.6,14403.81,2074.83,92.19,29.45,2.03,0.05
2017-06-01,57.63670454545455,1.17,3.9,3.17,1.16,1.1,1.08,3.68,4.37,1.04,1.05,0.84,1.19,0.28,1.14,0.73,0.05,1.26,1.73,-0.41,4.13,0.98,1.09,2.19,1.0,1.12,6.81,1.28,1.38,6224.29,9732.11,73290.35,105406.64,10.31,-1.4,-0.73,1985569.45,11337.6,1432.86,1725.0,10657.77,395.17,1366.93,11683.72,4197.73,395.56,16214.31,14403.95,2076.64,95.06,13.42,2.53,0.08
2017-07-01,59.082750000000004,1.23,3.97,3.24,1.22,1.17,1.15,3.7,4.39,1.15,1.2,0.95,1.23,0.24,1.16,0.72,-0.04,1.31,1.74,-0.41,4.25,1.07,1.11,2.32,1.09,1.15,6.77,1.3,1.37,6294.67,9702.47,73953.79,106892.02,10.25,-1.4,-0.75,2000830.3,11368.77,1458.95,1717.52,10719.31,393.02,1373.92,11756.28,4221.93,393.4,16303.54,14487.74,2078.2,100.41,37.79,2.54,0.08
2017-08-01,61.55991521739129,1.23,3.88,3.16,1.25,1.18,1.16,3.63,4.31,1.16,1.2,0.87,1.18,0.3,1.05,0.62,-0.05,1.31,1.73,-0.41,4.25,1.01,1.11,2.21,1.03,1.18,6.67,1.3,1.36,6311.4,9716.09,74161.56,104317.73,11.71,-1.37,-0.75,2060687.74,11405.97,1469.29,1715.7,10762.7,390.21,1383.8,11819.52,4234.87,390.59,16485.78,14655.54,2088.08,73.29,38.81,3.18,0.06
2017-09-01,64.08647500000001,1.23,3.8,3.1,1.25,1.18,1.17,3.63,4.3,1.15,1.23,0.82,1.16,0.29,1.05,0.64,0.0,1.32,1.74,-0.41,4.25,1.03,1.15,2.2,1.05,1.19,6.57,1.33,1.35,6428.08,9821.92,75439.53,107734.17,10.44,-1.39,-0.75,2055250.25,11442.27,1477.52,1718.43,10804.63,388.49,1396.45,11862.73,4237.56,388.86,16518.51,14677.46,2101.23,84.19,15.92,1.9,0.08
2017-10-01,64.39979090909091,1.24,3.9,3.2,1.26,1.21,1.16,3.6,4.32,1.15,1.25,0.81,1.27,0.29,1.2,0.83,0.08,1.36,1.82,-0.42,4.25,1.07,1.23,2.36,1.09,1.18,6.63,1.32,1.36,6603.01,9817.4,77502.77,112443.83,11.14,-1.42,-0.78,2032631.1,11515.13,1424.23,1727.32,10874.89,386.77,1406.51,11924.3,4263.19,387.14,16553.5,14717.43,2107.84,70.21,21.3,1.88,0.08
2017-11-01,66.46585238095238,1.29,3.92,3.29,1.32,1.28,1.2,3.57,4.27,1.16,1.27,0.66,1.1,0.2,1.2,0.89,0.2,1.43,1.9,-0.42,4.25,1.23,1.36,2.35,1.25,1.17,6.62,1.32,1.36,6796.05,9944.12,78716.7,112255.48,11.41,-1.47,-0.81,2064257.78,11574.7,1460.68,1728.44,10939.98,383.99,1427.19,11994.6,4280.59,384.36,16730.1,14884.97,2104.09,91.2,34.94,3.44,0.06
2017-12-01,65.068105,1.49,3.95,3.38,1.54,1.43,1.4,3.51,4.22,1.3,1.35,0.56,1.06,0.29,1.1,0.88,0.17,1.6,2.04,-0.42,4.4,1.32,1.46,2.4,1.34,1.18,6.59,1.34,1.35,6889.74,9907.03,81056.22,114945.52,11.77,-1.41,-0.8,2101914.8,11632.63,1506.03,1731.12,11042.62,382.6,1454.71,12068.98,4294.68,382.96,16799.18,14945.65,2101.89,90.57,29.26,3.27,0.09
2018-01-01,63.06883333333334,1.56,4.03,3.48,1.63,1.59,1.48,3.55,4.26,1.41,1.52,0.55,1.15,0.32,1.17,0.97,0.18,1.73,2.2,-0.42,4.5,1.41,1.59,2.58,1.43,1.22,6.42,1.38,1.32,7279.5,9578.86,84905.14,118714.35,12.16,-1.38,-0.8,2107720.34,11628.2,1409.26,1733.69,10984.16,379.38,1452.64,12029.12,4303.85,379.74,16748.04,14929.8,2106.48,114.8,29.12,3.0,0.11
2018-02-01,61.094868421052624,1.6,4.33,3.78,1.78,1.69,1.51,3.82,4.51,1.42,1.58,0.68,1.27,0.31,1.44,1.18,0.33,1.87,2.37,-0.42,4.5,1.57,1.75,2.86,1.59,1.23,6.32,1.4,1.32,7161.77,8967.69,82463.14,114063.91,20.77,-1.09,-0.76,2113832.52,11590.75,1402.14,1745.29,10957.76,375.71,1435.23,11989.43,4308.1,376.06,16726.33,14918.02,2109.34,84.04,37.82,5.89,0.16
2018-03-01,62.28200000000001,1.8,4.44,3.91,2.08,1.9,1.72,3.87,4.64,1.51,1.73,0.57,1.12,0.48,1.34,1.13,0.36,2.17,2.6,-0.42,4.58,1.7,1.87,2.84,1.73,1.23,6.32,1.4,1.31,7311.51,9053.74,82632.84,116381.46,18.86,-0.95,-0.72,2067048.8,11582.52,1389.14,1761.83,11058.58,371.5,1420.52,12063.74,4313.93,371.85,16644.34,14829.87,2120.26,76.38,18.01,2.95,0.1
2018-04-01,63.465228571428575,1.9,4.47,3.92,2.2,2.0,1.82,3.85,4.67,1.69,1.95,0.48,1.08,0.59,1.18,1.01,0.24,2.35,2.74,-0.42,4.75,1.76,1.93,2.87,1.79,1.23,6.3,1.41,1.32,7084.14,9144.44,81235.63,115965.07,19.82,-0.9,-0.72,2029759.05,11656.02,1367.87,1807.69,11123.36,368.89,1444.42,12139.85,4326.24,369.23,16613.99,14792.58,2169.71,88.6,33.05,2.7,0.12
2018-05-01,64.56948863636363,1.95,4.59,4.07,2.16,2.03,1.82,4.0,4.83,1.7,1.95,0.47,1.08,0.47,1.28,1.12,0.32,2.34,2.75,-0.43,4.75,1.86,2.02,2.98,1.9,1.18,6.37,1.35,1.34,7339.33,9447.09,82812.47,120427.68,15.34,-1.02,-0.75,2051294.44,11689.01,1313.0,1820.51,11053.22,365.32,1450.6,12075.88,4333.17,365.65,16687.57,14858.49,2176.67,87.87,24.92,2.93,0.12
2018-06-01,64.8398,2.07,4.57,4.04,2.19,2.08,1.91,3.96,4.83,1.82,1.98,0.38,0.98,0.43,1.09,0.95,0.24,2.33,2.76,-0.43,4.89,1.9,2.06,2.91,1.94,1.17,6.47,1.33,1.35,7645.14,9859.34,84619.02,125566.09,14.56,-1.04,-0.75,2050685.05,11764.08,1319.71,1828.93,11117.66,362.03,1463.58,12133.3,4352.82,362.38,16749.97,14901.91,2195.08,103.79,18.81,2.04,0.3
2018-07-01,64.59525,2.08,4.53,4.01,2.17,2.12,1.96,3.87,4.79,1.91,2.05,0.28,0.89,0.38,0.98,0.87,0.2,2.34,2.79,-0.43,5.0,1.96,2.11,2.89,1.99,1.17,6.72,1.32,1.36,7756.86,10094.95,85956.87,126542.45,14.04,-1.1,-0.75,2009900.0,11800.31,1319.04,1828.86,11164.31,359.48,1465.86,12187.82,4371.07,359.83,16754.03,14901.83,2208.62,99.53,28.27,2.12,0.17
2018-08-01,65.85795869565217,2.07,4.55,4.02,2.19,2.12,1.98,3.88,4.77,1.91,2.05,0.25,0.82,0.29,0.97,0.85,0.28,2.32,2.82,-0.42,5.0,2.03,2.19,2.89,2.07,1.15,6.85,1.29,1.37,7892.23,10305.44,88142.56,128180.05,13.48,-1.19,-0.79,1969181.9,11824.87,1325.05,1825.54,11209.84,356.53,1475.65,12220.39,4378.97,356.88,16758.2,14889.09,2213.71,85.71,34.79,3.15,0.17
2018-09-01,66.72317105263159,2.18,4.63,4.08,2.24,2.19,2.03,3.98,4.88,1.95,2.1,0.24,0.84,0.22,1.06,0.94,0.34,2.35,2.88,-0.43,5.03,2.13,2.29,3.0,2.17,1.17,6.86,1.31,1.37,7983.31,10271.18,89594.23,129277.45,13.58,-1.22,-0.8,1950454.48,11858.85,1321.99,1832.17,11243.12,354.62,1485.39,12237.81,4395.37,354.96,16749.77,14875.43,2221.75,67.36,25.35,4.78,0.04
2018-10-01,64.86445652173913,2.29,4.83,4.25,2.37,2.31,2.21,4.14,5.07,2.19,2.3,0.29,0.86,0.22,0.96,0.81,0.21,2.46,2.99,-0.44,5.25,2.25,2.4,3.15,2.29,1.15,6.92,1.3,1.38,7527.08,9848.66,85941.02,118986.6,19.54,-1.06,-0.79,1975510.88,11912.67,1295.56,1852.89,11302.06,353.1,1489.91,12296.13,4410.84,353.44,16817.13,14946.56,2237.52,90.25,48.33,4.99,0.07
2018-11-01,66.61850476190477,2.32,4.87,4.28,2.56,2.45,2.3,4.22,5.22,2.2,2.38,0.26,0.74,0.32,0.92,0.75,0.26,2.65,3.12,-0.44,5.25,2.33,2.46,3.12,2.37,1.14,6.94,1.29,1.37,7236.08,10094.37,84124.58,115949.6,19.37,-0.86,-0.75,1977998.42,11979.76,1259.13,1879.8,11331.97,350.98,1501.74,12326.58,4414.59,351.32,16914.59,15025.85,2265.74,79.47,47.17,4.26,0.13
2018-12-01,62.845394736842096,2.45,4.64,4.09,2.69,2.52,2.38,4.02,5.13,2.27,2.4,0.16,0.42,0.42,0.56,0.41,0.21,2.79,3.08,-0.43,5.35,2.37,2.48,2.83,2.41,1.14,6.88,1.27,1.37,6814.29,9868.24,79438.63,106417.38,24.23,-0.64,-0.69,1960135.07,12096.27,1233.28,1902.91,11525.73,349.51,1525.68,12502.13,4421.05,349.84,17040.19,15149.95,2293.8,127.53,149.45,6.64,0.07
2019-01-01,62.931685714285734,2.51,4.46,3.91,2.59,2.55,2.43,3.93,5.12,2.4,2.53,0.17,0.29,0.4,0.31,0.14,0.05,2.77,3.02,-0.44,5.5,2.37,2.45,2.71,2.42,1.14,6.79,1.29,1.36,6979.65,9904.04,80963.43,110475.63,19.91,-0.79,-0.7,1967670.6,12167.17,1134.56,1920.08,11475.47,349.96,1524.83,12494.14,4431.29,350.27,17036.54,15142.35,2320.08,146.59,159.25,6.8,0.03
2019-02-01,70.4211052631579,2.49,4.37,3.8,2.49,2.49,2.41,3.79,4.95,2.4,2.5,0.17,0.24,0.29,0.28,0.09,0.04,2.68,2.91,-0.45,5.5,2.39,2.44,2.68,2.44,1.13,6.74,1.3,1.35,7430.08,10655.71,85838.7,119147.6,15.38,-1.05,-0.77,1949138.98,12161.52,1129.09,1932.04,11437.6,346.91,1511.93,12485.38,4433.65,347.12,17038.62,15130.29,2328.55,82.65,50.03,2.13,0.04
2019-03-01,71.0297642857143,2.49,4.26,3.72,2.48,2.49,2.43,3.77,4.84,2.41,2.45,0.16,0.12,0.2,0.17,-0.03,0.04,2.61,2.82,-0.45,5.5,2.4,2.44,2.57,2.45,1.13,6.71,1.32,1.35,7629.37,10773.5,87510.44,119045.51,15.29,-1.2,-0.8,1955607.1,12192.76,1189.75,1948.95,11577.11,343.51,1498.29,12607.34,4442.88,343.72,17100.98,15176.44,2341.0,94.66,42.2,2.95,0.04
2019-04-01,73.56140714285715,2.48,4.14,3.61,2.47,2.47,2.42,3.69,4.7,2.42,2.5,0.19,0.1,0.21,0.11,-0.09,-0.03,2.59,2.74,-0.44,5.5,2.38,2.39,2.53,2.43,1.12,6.72,1.3,1.36,7995.06,10944.36,90748.01,121831.22,13.66,-1.28,-0.8,1991078.22,12272.56,1156.87,1953.39,11667.71,341.78,1509.18,12676.13,4455.13,341.97,17127.6,15200.96,2341.96,78.74,42.72,2.18,0.08
2019-05-01,75.58022499999998,2.44,4.07,3.53,2.44,2.44,2.41,3.67,4.63,2.39,2.45,0.19,-0.01,0.18,0.0,-0.2,-0.04,2.53,2.65,-0.45,5.5,2.35,2.35,2.4,2.4,1.12,6.85,1.29,1.37,7804.82,11050.65,89348.87,119425.33,16.95,-1.23,-0.8,1990963.38,12341.49,1104.75,1961.3,11636.64,339.63,1522.08,12649.84,4484.63,339.82,17160.01,15222.91,2344.22,94.45,66.03,2.65,0.1
2019-06-01,79.17137250000002,2.4,3.8,3.24,2.3,2.31,2.34,3.42,4.46,2.38,2.38,0.26,-0.15,0.23,-0.3,-0.55,-0.27,2.4,2.28,-0.45,5.5,2.17,2.11,2.07,2.22,1.13,6.9,1.27,1.36,7825.46,11242.24,90527.91,118467.46,15.59,-1.21,-0.77,1993744.02,12416.54,1104.8,1960.89,11721.74,337.21,1536.73,12740.1,4504.92,337.41,17322.64,15366.42,2348.68,137.37,82.2,1.66,0.03
2019-07-01,81.62249545454546,2.31,3.76,3.2,2.22,2.19,2.3,3.29,4.28,2.4,2.35,0.22,-0.09,0.2,-0.34,-0.57,-0.37,2.29,2.2,-0.45,5.5,2.1,2.03,2.06,2.14,1.12,6.88,1.25,1.36,8205.6,11363.67,94022.08,121927.46,13.43,-1.34,-0.77,2002372.64,12468.84,1101.56,1960.65,11803.68,333.85,1544.76,12804.22,4521.52,334.05,17344.89,15381.01,2357.23,94.8,48.19,2.72,0.04
2019-08-01,81.79420227272728,2.17,3.62,3.08,2.06,2.07,2.09,2.98,3.87,2.13,2.18,0.06,-0.36,0.22,-0.5,-0.64,-0.24,2.16,2.0,-0.46,5.25,1.95,1.88,1.63,1.99,1.11,7.06,1.22,1.38,7910.93,11505.75,91031.77,116677.39,19.05,-1.24,-0.74,2007026.62,12541.33,1097.85,1961.88,11824.77,331.53,1557.76,12842.22,4532.14,331.74,17497.32,15514.7,2370.59,155.23,153.45,3.81,0.03
2019-09-01,84.775745,2.04,3.61,3.12,2.03,1.95,2.02,3.03,3.91,2.04,2.08,0.05,-0.24,0.23,-0.35,-0.49,-0.21,2.13,2.0,-0.51,5.15,1.89,1.84,1.7,1.93,1.1,7.11,1.24,1.38,8087.7,11874.13,93776.1,120195.35,15.82,-1.28,-0.7,1997949.08,12630.54,1064.35,1959.91,11909.82,329.72,1566.49,12921.51,4542.7,329.93,17489.44,15505.06,2364.67,118.31,66.56,2.05,0.03
2019-10-01,87.50217391304349,1.88,3.69,3.14,1.88,1.8,1.83,3.01,3.92,1.83,1.9,0.16,0.03,0.33,-0.12,-0.31,-0.21,1.98,1.95,-0.55,4.99,1.65,1.62,1.71,1.68,1.11,7.1,1.27,1.37,8079.28,12077.49,93770.59,118981.08,15.53,-1.2,-0.71,1985370.08,12707.32,1095.58,1961.94,12020.84,326.4,1576.25,13048.47,4566.61,326.66,17577.01,15607.18,2356.41,98.0,70.15,2.23,0.03
2019-11-01,89.16710749999999,1.74,3.7,3.16,1.77,1.62,1.61,3.06,3.94,1.55,1.72,0.2,0.24,0.36,0.26,0.09,0.0,1.9,1.96,-0.54,4.75,1.54,1.55,1.81,1.57,1.11,7.02,1.29,1.36,8517.58,11880.64,97935.94,124518.01,12.92,-1.32,-0.75,1982375.7,12806.8,1131.29,1963.11,12139.13,323.7,1588.45,13200.03,4587.38,324.0,17727.8,15755.83,2363.16,81.04,54.55,1.65,0.05
2019-12-01,89.27473809523809,1.75,3.72,3.18,1.76,1.7,1.65,3.01,3.88,1.55,1.7,0.25,0.3,0.37,0.31,0.13,-0.01,1.91,1.96,-0.54,4.75,1.54,1.54,1.86,1.57,1.11,7.01,1.31,1.36,8778.59,11739.95,100348.04,128127.79,13.32,-1.37,-0.76,1999139.42,12871.31,1174.05,1956.62,12252.85,321.57,1616.54,13329.48,4617.34,321.94,17860.64,15875.9,2359.06,121.31,82.88,3.78,0.05
2020-01-01,92.41772619047619,1.67,3.62,3.07,1.65,1.58,1.57,2.94,3.77,1.55,1.63,0.24,0.21,0.3,0.21,0.01,-0.03,1.82,1.92,-0.55,4.75,1.52,1.52,1.76,1.55,1.11,6.92,1.31,1.35,9233.36,11993.46,103859.26,130172.03,13.86,-1.49,-0.79,1955972.02,12860.85,1121.08,1954.54,12228.71,318.78,1616.97,13315.44,4620.79,319.19,17828.92,15833.28,2351.03,110.1,90.5,2.77,0.06
